CD_MUN,lp_adequado,mt_adequado,lp_insuficiente,lp_basico,lp_proficiente,lp_avancado,mt_insuficiente,mt_basico,mt_proficiente,mt_avancado,ideb
3500105,0.3717,0.0697,0.3252,0.3031,0.3601,0.0116,0.4279,0.5025,0.058,0.0117,4.7
3500105,0.3717,0.0697,0.3252,0.3031,0.3601,0.0116,0.4279,0.5025,0.058,0.0117,4.7
3500204,0.2697,0.0515,0.3788,0.3516,0.2394,0.0303,0.5212,0.4273,0.0515,0.0,4.4
3500204,0.2697,0.0515,0.3788,0.3516,0.2394,0.0303,0.5212,0.4273,0.0515,0.0,4.4
3500303,0.2747,0.0321,0.2888,0.4365,0.2658,0.0089,0.5427,0.4252,0.0227,0.0094,4.2
3500303,0.2747,0.0321,0.2888,0.4365,0.2658,0.0089,0.5427,0.4252,0.0227,0.0094,4.2
3500402,,,,,,,,,,,
3500402,,,,,,,,,,,
3500501,0.5252,0.1789,0.1642,0.3106,0.4814,0.0438,0.3073,0.5138,0.1698,0.0091,5.2
3500501,0.5252,0.1789,0.1642,0.3106,0.4814,0.0438,0.3073,0.5138,0.1698,0.0091,5.2
3500550,0.3126,0.0495,0.3153,0.3721,0.2946,0.018,0.4424,0.5081,0.0495,0.0,4.5
3500550,0.3126,0.0495,0.3153,0.3721,0.2946,0.018,0.4424,0.5081,0.0495,0.0,4.5
3500600,0.3056,0.0833,0.4722,0.2223,0.2778,0.0278,0.6667,0.2501,0.0833,0.0,4.3
3500600,0.3056,0.0833,0.4722,0.2223,0.2778,0.0278,0.6667,0.2501,0.0833,0.0,4.3
3500709,0.3649,0.022,0.2687,0.3664,0.3616,0.0033,0.5156,0.4625,0.022,0.0,4.2
3500709,0.3649,0.022,0.2687,0.3664,0.3616,0.0033,0.5156,0.4625,0.022,0.0,4.2
3500758,,,,,,,,,,,
3500758,,,,,,,,,,,
3500808,,,,,,,,,,,
3500808,,,,,,,,,,,
3500907,0.1724,0.0,0.4483,0.3793,0.1724,0.0,0.6897,0.3104,0.0,0.0,3.8
3500907,0.1724,0.0,0.4483,0.3793,0.1724,0.0,0.6897,0.3104,0.0,0.0,3.8
3501004,,,,,,,,,,,
3501004,,,,,,,,,,,
3501103,0.223,0.0321,0.4072,0.3699,0.223,0.0,0.4647,0.5034,0.0321,0.0,4.5
3501103,0.223,0.0321,0.4072,0.3699,0.223,0.0,0.4647,0.5034,0.0321,0.0,4.5
3501152,0.2191,0.0086,0.4044,0.3765,0.2105,0.0086,0.638,0.3534,0.0086,0.0,3.9
3501152,0.2191,0.0086,0.4044,0.3765,0.2105,0.0086,0.638,0.3534,0.0086,0.0,3.9
3501202,,,,,,,,,,,
3501202,,,,,,,,,,,
3501301,0.3473,0.0914,0.325,0.3276,0.3323,0.015,0.4426,0.4661,0.0914,0.0,4.5
3501301,0.3473,0.0914,0.325,0.3276,0.3323,0.015,0.4426,0.4661,0.0914,0.0,4.5
3501400,,,,,,,,,,,
3501400,,,,,,,,,,,
3501509,,,,,,,,,,,
3501509,,,,,,,,,,,
3501608,0.494,0.1032,0.198,0.3081,0.4753,0.0187,0.3831,0.5137,0.0978,0.0054,4.7
3501608,0.494,0.1032,0.198,0.3081,0.4753,0.0187,0.3831,0.5137,0.0978,0.0054,4.7
3501707,0.3164,0.0305,0.2989,0.3847,0.3164,0.0,0.5707,0.3987,0.0305,0.0,4.5
3501707,0.3164,0.0305,0.2989,0.3847,0.3164,0.0,0.5707,0.3987,0.0305,0.0,4.5
3501806,0.1732,0.0203,0.4846,0.3422,0.1732,0.0,0.4387,0.5409,0.0,0.0203,4.3
3501806,0.1732,0.0203,0.4846,0.3422,0.1732,0.0,0.4387,0.5409,0.0,0.0203,4.3
3501905,0.5752,0.1765,0.1602,0.2646,0.5403,0.0349,0.3218,0.5018,0.1564,0.0201,5.2
3501905,0.5752,0.1765,0.1602,0.2646,0.5403,0.0349,0.3218,0.5018,0.1564,0.0201,5.2
3502002,,,,,,,,,,,
3502002,,,,,,,,,,,
3502101,0.2949,0.0505,0.3232,0.3818,0.2864,0.0085,0.5549,0.3945,0.0484,0.0021,4.4
3502101,0.2949,0.0505,0.3232,0.3818,0.2864,0.0085,0.5549,0.3945,0.0484,0.0021,4.4
3502200,0.4495,0.1029,0.2073,0.3432,0.4355,0.014,0.4156,0.4813,0.098,0.0049,4.5
3502200,0.4495,0.1029,0.2073,0.3432,0.4355,0.014,0.4156,0.4813,0.098,0.0049,4.5
3502309,,,,,,,,,,,
3502309,,,,,,,,,,,
3502408,,,,,,,,,,,
3502408,,,,,,,,,,,
3502507,0.4606,0.0604,0.1742,0.3651,0.4574,0.0032,0.3589,0.5807,0.0572,0.0032,4.6
3502507,0.4606,0.0604,0.1742,0.3651,0.4574,0.0032,0.3589,0.5807,0.0572,0.0032,4.6
3502606,0.2673,0.0264,0.3533,0.3794,0.2673,0.0,0.5678,0.4059,0.0264,0.0,4.5
3502606,0.2673,0.0264,0.3533,0.3794,0.2673,0.0,0.5678,0.4059,0.0264,0.0,4.5
3502705,0.3682,0.0499,0.3572,0.2747,0.3588,0.0094,0.5415,0.4086,0.0499,0.0,4.5
3502705,0.3682,0.0499,0.3572,0.2747,0.3588,0.0094,0.5415,0.4086,0.0499,0.0,4.5
3502754,,,,,,,,,,,
3502754,,,,,,,,,,,
3502804,0.3939,0.0881,0.2831,0.323,0.3877,0.0062,0.4696,0.4423,0.08,0.0081,4.7
3502804,0.3939,0.0881,0.2831,0.323,0.3877,0.0062,0.4696,0.4423,0.08,0.0081,4.7
3502903,0.284,0.0332,0.3418,0.3742,0.2807,0.0033,0.5505,0.4162,0.0332,0.0,4.3
3502903,0.284,0.0332,0.3418,0.3742,0.2807,0.0033,0.5505,0.4162,0.0332,0.0,4.3
3503000,0.2647,0.0294,0.2647,0.4706,0.2647,0.0,0.5588,0.4118,0.0294,0.0,4.2
3503000,0.2647,0.0294,0.2647,0.4706,0.2647,0.0,0.5588,0.4118,0.0294,0.0,4.2
3503109,,,,,,,,,,,
3503109,,,,,,,,,,,
3503158,,,,,,,,,,,
3503158,,,,,,,,,,,
3503208,0.4209,0.09,0.2289,0.3502,0.4096,0.0113,0.4422,0.4677,0.0836,0.0064,
3503208,0.4209,0.09,0.2289,0.3502,0.4096,0.0113,0.4422,0.4677,0.0836,0.0064,4.7
3503208,0.4209,0.09,0.2289,0.3502,0.4096,0.0113,0.4422,0.4677,0.0836,0.0064,4.7
3503307,0.4767,0.0666,0.2177,0.3057,0.4635,0.0132,0.4172,0.5162,0.0633,0.0033,4.7
3503307,0.4767,0.0666,0.2177,0.3057,0.4635,0.0132,0.4172,0.5162,0.0633,0.0033,4.7
3503356,,,,,,,,,,,
3503356,,,,,,,,,,,
3503406,,,,,,,,,,,
3503406,,,,,,,,,,,
3503505,,,,,,,,,,,
3503505,,,,,,,,,,,
3503604,,,,,,,,,,,
3503604,,,,,,,,,,,
3503703,0.5453,0.0874,0.1415,0.3132,0.5313,0.014,0.2551,0.6576,0.0874,0.0,5.4
3503703,0.5453,0.0874,0.1415,0.3132,0.5313,0.014,0.2551,0.6576,0.0874,0.0,5.4
3503802,0.4619,0.104,0.1656,0.3725,0.4464,0.0155,0.3718,0.5243,0.0974,0.0066,4.9
3503802,0.4619,0.104,0.1656,0.3725,0.4464,0.0155,0.3718,0.5243,0.0974,0.0066,4.9
3503901,0.3624,0.0393,0.2993,0.3383,0.3543,0.0081,0.5389,0.4218,0.0393,0.0,4.4
3503901,0.3624,0.0393,0.2993,0.3383,0.3543,0.0081,0.5389,0.4218,0.0393,0.0,4.4
3503950,0.5,0.1667,0.1667,0.3333,0.5,0.0,0.389,0.4445,0.1667,0.0,5.2
3503950,0.5,0.1667,0.1667,0.3333,0.5,0.0,0.389,0.4445,0.1667,0.0,5.2
3504008,0.4976,0.1213,0.1449,0.3576,0.4829,0.0147,0.383,0.4957,0.1065,0.0148,4.8
3504008,0.4976,0.1213,0.1449,0.3576,0.4829,0.0147,0.383,0.4957,0.1065,0.0148,4.8
3504107,0.4303,0.0862,0.2534,0.3163,0.4186,0.0117,0.4556,0.4581,0.0823,0.0039,4.7
3504107,0.4303,0.0862,0.2534,0.3163,0.4186,0.0117,0.4556,0.4581,0.0823,0.0039,4.7
3504206,0.4393,0.1113,0.295,0.2657,0.4255,0.0138,0.4416,0.447,0.1113,0.0,4.7
3504206,0.4393,0.1113,0.295,0.2657,0.4255,0.0138,0.4416,0.447,0.1113,0.0,4.7
3504305,,,,,,,,,,,
3504305,,,,,,,,,,,
3504404,0.3006,0.0126,0.4005,0.2988,0.3006,0.0,0.5232,0.4642,0.0126,0.0,4.3
3504404,0.3006,0.0126,0.4005,0.2988,0.3006,0.0,0.5232,0.4642,0.0126,0.0,4.3
3504503,0.4192,0.1001,0.2778,0.303,0.4072,0.012,0.4976,0.4023,0.0867,0.0134,
3504503,0.4192,0.1001,0.2778,0.303,0.4072,0.012,0.4976,0.4023,0.0867,0.0134,4.2
3504503,0.4192,0.1001,0.2778,0.303,0.4072,0.012,0.4976,0.4023,0.0867,0.0134,4.4
3504602,0.3439,0.0715,0.3559,0.3002,0.3285,0.0154,0.5282,0.4003,0.0666,0.0049,4.4
3504602,0.3439,0.0715,0.3559,0.3002,0.3285,0.0154,0.5282,0.4003,0.0666,0.0049,4.4
3504701,,,,,,,,,,,
3504701,,,,,,,,,,,
3504800,0.375,0.0422,0.2377,0.3873,0.3608,0.0142,0.4691,0.4888,0.0422,0.0,4.8
3504800,0.375,0.0422,0.2377,0.3873,0.3608,0.0142,0.4691,0.4888,0.0422,0.0,4.8
3504909,,,,,,,,,,,
3504909,,,,,,,,,,,
3505005,,,,,,,,,,,
3505005,,,,,,,,,,,
3505104,0.1407,0.0,0.4663,0.393,0.1407,0.0,0.6479,0.3521,0.0,0.0,4.0
3505104,0.1407,0.0,0.4663,0.393,0.1407,0.0,0.6479,0.3521,0.0,0.0,4.0
3505203,0.3502,0.0278,0.3465,0.3033,0.3502,0.0,0.5723,0.3999,0.0278,0.0,4.2
3505203,0.3502,0.0278,0.3465,0.3033,0.3502,0.0,0.5723,0.3999,0.0278,0.0,4.2
3505302,0.5431,0.1006,0.1892,0.2677,0.5175,0.0256,0.3932,0.5063,0.0922,0.0084,5.1
3505302,0.5431,0.1006,0.1892,0.2677,0.5175,0.0256,0.3932,0.5063,0.0922,0.0084,5.1
3505351,0.3241,0.0398,0.3367,0.3392,0.3111,0.013,0.6438,0.3165,0.0268,0.013,4.5
3505351,0.3241,0.0398,0.3367,0.3392,0.3111,0.013,0.6438,0.3165,0.0268,0.013,4.5
3505401,0.1765,0.0106,0.4726,0.351,0.1765,0.0,0.6462,0.3432,0.0106,0.0,4.0
3505401,0.1765,0.0106,0.4726,0.351,0.1765,0.0,0.6462,0.3432,0.0106,0.0,4.0
3505500,0.3721,0.0501,0.2518,0.3759,0.3666,0.0055,0.5024,0.4475,0.0485,0.0016,
3505500,0.3721,0.0501,0.2518,0.3759,0.3666,0.0055,0.5024,0.4475,0.0485,0.0016,4.6
3505500,0.3721,0.0501,0.2518,0.3759,0.3666,0.0055,0.5024,0.4475,0.0485,0.0016,4.5
3505609,0.2174,0.021,0.3751,0.4075,0.2174,0.0,0.6111,0.368,0.021,0.0,4.2
3505609,0.2174,0.021,0.3751,0.4075,0.2174,0.0,0.6111,0.368,0.021,0.0,4.2
3505708,0.4603,0.0817,0.2095,0.3302,0.4397,0.0206,0.4341,0.4841,0.0724,0.0093,4.3
3505708,0.4603,0.0817,0.2095,0.3302,0.4397,0.0206,0.4341,0.4841,0.0724,0.0093,5.5
3505708,0.4603,0.0817,0.2095,0.3302,0.4397,0.0206,0.4341,0.4841,0.0724,0.0093,4.8
3505807,0.3493,0.0159,0.2581,0.3926,0.3437,0.0056,0.534,0.45,0.0159,0.0,4.5
3505807,0.3493,0.0159,0.2581,0.3926,0.3437,0.0056,0.534,0.45,0.0159,0.0,4.5
3505906,0.4487,0.0847,0.1987,0.3526,0.4243,0.0244,0.3982,0.5172,0.0794,0.0053,4.7
3505906,0.4487,0.0847,0.1987,0.3526,0.4243,0.0244,0.3982,0.5172,0.0794,0.0053,4.7
3506003,0.4126,0.0699,0.2654,0.322,0.3951,0.0175,0.4934,0.4367,0.0653,0.0046,4.5
3506003,0.4126,0.0699,0.2654,0.322,0.3951,0.0175,0.4934,0.4367,0.0653,0.0046,4.5
3506102,0.3783,0.0793,0.2864,0.3354,0.3676,0.0107,0.5016,0.4192,0.0793,0.0,4.6
3506102,0.3783,0.0793,0.2864,0.3354,0.3676,0.0107,0.5016,0.4192,0.0793,0.0,4.6
3506201,0.3571,0.0714,0.25,0.3929,0.3214,0.0357,0.5357,0.3928,0.0714,0.0,4.8
3506201,0.3571,0.0714,0.25,0.3929,0.3214,0.0357,0.5357,0.3928,0.0714,0.0,4.8
3506300,,,,,,,,,,,
3506300,,,,,,,,,,,
3506359,0.2906,0.0298,0.3293,0.3801,0.2856,0.005,0.6111,0.3592,0.0298,0.0,4.0
3506359,0.2906,0.0298,0.3293,0.3801,0.2856,0.005,0.6111,0.3592,0.0298,0.0,4.0
3506409,0.3753,0.156,0.3461,0.2785,0.3562,0.0191,0.4596,0.3844,0.156,0.0,4.6
3506409,0.3753,0.156,0.3461,0.2785,0.3562,0.0191,0.4596,0.3844,0.156,0.0,4.6
3506508,0.4278,0.0767,0.2362,0.3359,0.4144,0.0134,0.4219,0.5014,0.0679,0.0088,
3506508,0.4278,0.0767,0.2362,0.3359,0.4144,0.0134,0.4219,0.5014,0.0679,0.0088,4.8
3506508,0.4278,0.0767,0.2362,0.3359,0.4144,0.0134,0.4219,0.5014,0.0679,0.0088,4.9
3506607,0.2998,0.0489,0.3586,0.3415,0.2922,0.0076,0.5698,0.3812,0.0489,0.0,4.1
3506607,0.2998,0.0489,0.3586,0.3415,0.2922,0.0076,0.5698,0.3812,0.0489,0.0,4.1
3506706,,,,,,,,,,,
3506706,,,,,,,,,,,
3506805,,,,,,,,,,,
3506805,,,,,,,,,,,
3506904,,,,,,,,,,,
3506904,,,,,,,,,,,
3507001,0.4454,0.0843,0.2132,0.3415,0.4318,0.0136,0.4273,0.4883,0.0753,0.009,
3507001,0.4454,0.0843,0.2132,0.3415,0.4318,0.0136,0.4273,0.4883,0.0753,0.009,4.0
3507001,0.4454,0.0843,0.2132,0.3415,0.4318,0.0136,0.4273,0.4883,0.0753,0.009,4.3
3507100,0.37,0.0403,0.2847,0.3452,0.37,0.0,0.5694,0.3903,0.0365,0.0038,4.6
3507100,0.37,0.0403,0.2847,0.3452,0.37,0.0,0.5694,0.3903,0.0365,0.0038,4.6
3507159,0.2137,0.0404,0.2543,0.5318,0.1733,0.0404,0.4277,0.5319,0.0,0.0404,4.8
3507159,0.2137,0.0404,0.2543,0.5318,0.1733,0.0404,0.4277,0.5319,0.0,0.0404,4.8
3507209,,,,,,,,,,,
3507209,,,,,,,,,,,
3507308,0.3248,0.0536,0.1975,0.4776,0.3248,0.0,0.4946,0.4518,0.0536,0.0,4.7
3507308,0.3248,0.0536,0.1975,0.4776,0.3248,0.0,0.4946,0.4518,0.0536,0.0,4.7
3507407,,,,,,,,,,,
3507407,,,,,,,,,,,
3507456,0.2243,0.0,0.5073,0.2683,0.2243,0.0,0.7329,0.2671,0.0,0.0,4.0
3507456,0.2243,0.0,0.5073,0.2683,0.2243,0.0,0.7329,0.2671,0.0,0.0,4.0
3507506,0.3808,0.0421,0.2719,0.3474,0.374,0.0068,0.4781,0.4796,0.0385,0.0036,4.4
3507506,0.3808,0.0421,0.2719,0.3474,0.374,0.0068,0.4781,0.4796,0.0385,0.0036,4.4
3507605,0.3955,0.0779,0.264,0.3405,0.373,0.0225,0.5009,0.4212,0.0697,0.0082,
3507605,0.3955,0.0779,0.264,0.3405,0.373,0.0225,0.5009,0.4212,0.0697,0.0082,4.5
3507605,0.3955,0.0779,0.264,0.3405,0.373,0.0225,0.5009,0.4212,0.0697,0.0082,4.6
3507704,,,,,,,,,,,
3507704,,,,,,,,,,,
3507753,0.3,0.05,0.3,0.4,0.3,0.0,0.5,0.45,0.05,0.0,4.7
3507753,0.3,0.05,0.3,0.4,0.3,0.0,0.5,0.45,0.05,0.0,4.7
3507803,,,,,,,,,,,
3507803,,,,,,,,,,,
3507902,0.2688,0.0326,0.3139,0.4173,0.2634,0.0054,0.5901,0.3773,0.0326,0.0,4.3
3507902,0.2688,0.0326,0.3139,0.4173,0.2634,0.0054,0.5901,0.3773,0.0326,0.0,
3507902,0.2688,0.0326,0.3139,0.4173,0.2634,0.0054,0.5901,0.3773,0.0326,0.0,4.3
3508009,,,,,,,,,,,
3508009,,,,,,,,,,,
3508108,0.3237,0.0506,0.2385,0.4379,0.3157,0.008,0.4694,0.4799,0.0506,0.0,4.7
3508108,0.3237,0.0506,0.2385,0.4379,0.3157,0.008,0.4694,0.4799,0.0506,0.0,4.7
3508207,0.1818,0.0303,0.3333,0.4848,0.1818,0.0,0.606,0.3636,0.0303,0.0,4.4
3508207,0.1818,0.0303,0.3333,0.4848,0.1818,0.0,0.606,0.3636,0.0303,0.0,4.4
3508306,0.4548,0.0913,0.2433,0.3019,0.4409,0.0139,0.43,0.4787,0.0774,0.0139,4.5
3508306,0.4548,0.0913,0.2433,0.3019,0.4409,0.0139,0.43,0.4787,0.0774,0.0139,4.5
3508405,0.4149,0.0765,0.2054,0.3798,0.4009,0.014,0.4257,0.4977,0.0728,0.0037,4.7
3508405,0.4149,0.0765,0.2054,0.3798,0.4009,0.014,0.4257,0.4977,0.0728,0.0037,4.7
3508504,0.4536,0.07,0.2048,0.3416,0.4519,0.0017,0.3973,0.5327,0.0647,0.0053,4.8
3508504,0.4536,0.07,0.2048,0.3416,0.4519,0.0017,0.3973,0.5327,0.0647,0.0053,4.8
3508603,0.3452,0.0289,0.2492,0.4056,0.3379,0.0073,0.4303,0.5408,0.0289,0.0,4.4
3508603,0.3452,0.0289,0.2492,0.4056,0.3379,0.0073,0.4303,0.5408,0.0289,0.0,4.4
3508702,0.2994,0.0349,0.3159,0.3847,0.2906,0.0088,0.5501,0.415,0.0349,0.0,4.3
3508702,0.2994,0.0349,0.3159,0.3847,0.2906,0.0088,0.5501,0.415,0.0349,0.0,4.3
3508801,0.3023,0.0326,0.26,0.4377,0.2945,0.0078,0.5255,0.442,0.0326,0.0,4.4
3508801,0.3023,0.0326,0.26,0.4377,0.2945,0.0078,0.5255,0.442,0.0326,0.0,4.4
3508900,,,,,,,,,,,
3508900,,,,,,,,,,,
3509007,0.4004,0.0287,0.2431,0.3565,0.3911,0.0093,0.518,0.4533,0.0276,0.0011,4.6
3509007,0.4004,0.0287,0.2431,0.3565,0.3911,0.0093,0.518,0.4533,0.0276,0.0011,4.6
3509106,0.2962,0.038,0.4895,0.2144,0.2962,0.0,0.569,0.393,0.038,0.0,4.4
3509106,0.2962,0.038,0.4895,0.2144,0.2962,0.0,0.569,0.393,0.038,0.0,4.4
3509205,0.3703,0.0418,0.3018,0.3279,0.3593,0.011,0.5404,0.4179,0.0354,0.0064,4.5
3509205,0.3703,0.0418,0.3018,0.3279,0.3593,0.011,0.5404,0.4179,0.0354,0.0064,4.5
3509254,0.2934,0.0339,0.3647,0.3418,0.2934,0.0,0.5925,0.3736,0.0339,0.0,4.1
3509254,0.2934,0.0339,0.3647,0.3418,0.2934,0.0,0.5925,0.3736,0.0339,0.0,4.1
3509304,0.4267,0.0919,0.2387,0.3347,0.413,0.0137,0.3388,0.5693,0.0919,0.0,4.9
3509304,0.4267,0.0919,0.2387,0.3347,0.413,0.0137,0.3388,0.5693,0.0919,0.0,4.9
3509403,0.2152,0.0387,0.4129,0.3719,0.2152,0.0,0.5556,0.4057,0.0387,0.0,4.1
3509403,0.2152,0.0387,0.4129,0.3719,0.2152,0.0,0.5556,0.4057,0.0387,0.0,4.1
3509452,0.1744,0.032,0.3964,0.4292,0.1424,0.032,0.6374,0.3306,0.032,0.0,4.2
3509452,0.1744,0.032,0.3964,0.4292,0.1424,0.032,0.6374,0.3306,0.032,0.0,4.2
3509502,0.3996,0.0845,0.26,0.3403,0.3827,0.0169,0.4976,0.418,0.0772,0.0073,
3509502,0.3996,0.0845,0.26,0.3403,0.3827,0.0169,0.4976,0.418,0.0772,0.0073,4.5
3509502,0.3996,0.0845,0.26,0.3403,0.3827,0.0169,0.4976,0.418,0.0772,0.0073,4.6
3509601,0.3564,0.0599,0.2672,0.3764,0.3478,0.0086,0.5368,0.4034,0.0501,0.0098,4.4
3509601,0.3564,0.0599,0.2672,0.3764,0.3478,0.0086,0.5368,0.4034,0.0501,0.0098,4.4
3509700,0.5485,0.1776,0.1308,0.3207,0.5023,0.0462,0.3113,0.5111,0.1776,0.0,
3509700,0.5485,0.1776,0.1308,0.3207,0.5023,0.0462,0.3113,0.5111,0.1776,0.0,4.3
3509700,0.5485,0.1776,0.1308,0.3207,0.5023,0.0462,0.3113,0.5111,0.1776,0.0,4.9
3509809,0.2995,0.0612,0.2657,0.4348,0.2995,0.0,0.4501,0.4887,0.0612,0.0,4.6
3509809,0.2995,0.0612,0.2657,0.4348,0.2995,0.0,0.4501,0.4887,0.0612,0.0,4.6
3509908,0.3319,0.0,0.3079,0.3603,0.3319,0.0,0.5113,0.4886,0.0,0.0,3.9
3509908,0.3319,0.0,0.3079,0.3603,0.3319,0.0,0.5113,0.4886,0.0,0.0,3.9
3509957,0.1574,0.0,0.3441,0.4984,0.1574,0.0,0.5276,0.4724,0.0,0.0,3.9
3509957,0.1574,0.0,0.3441,0.4984,0.1574,0.0,0.5276,0.4724,0.0,0.0,3.9
3510005,0.3319,0.0377,0.3474,0.3207,0.3225,0.0094,0.5553,0.4071,0.0377,0.0,4.4
3510005,0.3319,0.0377,0.3474,0.3207,0.3225,0.0094,0.5553,0.4071,0.0377,0.0,4.4
3510104,,,,,,,,,,,
3510104,,,,,,,,,,,
3510153,,,,,,,,,,,
3510153,,,,,,,,,,,
3510203,0.3949,0.065,0.2892,0.316,0.3899,0.005,0.4904,0.4446,0.0591,0.0059,4.6
3510203,0.3949,0.065,0.2892,0.316,0.3899,0.005,0.4904,0.4446,0.0591,0.0059,4.6
3510302,,,,,,,,,,,
3510302,,,,,,,,,,,
3510401,0.4538,0.1258,0.171,0.3753,0.3698,0.084,0.3625,0.5116,0.109,0.0168,
3510401,0.4538,0.1258,0.171,0.3753,0.3698,0.084,0.3625,0.5116,0.109,0.0168,4.7
3510401,0.4538,0.1258,0.171,0.3753,0.3698,0.084,0.3625,0.5116,0.109,0.0168,5.0
3510500,0.4031,0.0502,0.2764,0.3206,0.3911,0.012,0.4979,0.4519,0.049,0.0012,
3510500,0.4031,0.0502,0.2764,0.3206,0.3911,0.012,0.4979,0.4519,0.049,0.0012,4.5
3510500,0.4031,0.0502,0.2764,0.3206,0.3911,0.012,0.4979,0.4519,0.049,0.0012,4.5
3510609,0.3549,0.0341,0.2674,0.3776,0.349,0.0059,0.555,0.4109,0.0319,0.0022,4.4
3510609,0.3549,0.0341,0.2674,0.3776,0.349,0.0059,0.555,0.4109,0.0319,0.0022,4.4
3510708,0.2963,0.0732,0.2574,0.4463,0.2963,0.0,0.5824,0.3445,0.0732,0.0,4.5
3510708,0.2963,0.0732,0.2574,0.4463,0.2963,0.0,0.5824,0.3445,0.0732,0.0,4.5
3510807,0.3479,0.032,0.2603,0.3918,0.3363,0.0116,0.5131,0.4549,0.0257,0.0063,4.3
3510807,0.3479,0.032,0.2603,0.3918,0.3363,0.0116,0.5131,0.4549,0.0257,0.0063,4.3
3510906,0.381,0.1429,0.2381,0.381,0.381,0.0,0.4762,0.381,0.1429,0.0,5.0
3510906,0.381,0.1429,0.2381,0.381,0.381,0.0,0.4762,0.381,0.1429,0.0,5.0
3511003,0.2536,0.0302,0.3495,0.3969,0.2415,0.0121,0.6343,0.3355,0.0245,0.0057,4.2
3511003,0.2536,0.0302,0.3495,0.3969,0.2415,0.0121,0.6343,0.3355,0.0245,0.0057,4.2
3511102,0.4926,0.1276,0.1936,0.3137,0.4583,0.0343,0.3649,0.5074,0.1136,0.014,
3511102,0.4926,0.1276,0.1936,0.3137,0.4583,0.0343,0.3649,0.5074,0.1136,0.014,4.9
3511102,0.4926,0.1276,0.1936,0.3137,0.4583,0.0343,0.3649,0.5074,0.1136,0.014,5.1
3511201,0.3952,0.0704,0.2756,0.3291,0.3952,0.0,0.5184,0.4112,0.0561,0.0143,4.5
3511201,0.3952,0.0704,0.2756,0.3291,0.3952,0.0,0.5184,0.4112,0.0561,0.0143,4.5
3511300,0.5393,0.0399,0.0896,0.371,0.5393,0.0,0.4324,0.5278,0.0255,0.0144,4.5
3511300,0.5393,0.0399,0.0896,0.371,0.5393,0.0,0.4324,0.5278,0.0255,0.0144,4.5
3511409,0.3288,0.0385,0.3269,0.3444,0.3288,0.0,0.607,0.3545,0.0385,0.0,4.2
3511409,0.3288,0.0385,0.3269,0.3444,0.3288,0.0,0.607,0.3545,0.0385,0.0,4.2
3511508,0.4045,0.072,0.2271,0.3685,0.3986,0.0059,0.3963,0.5317,0.0658,0.0062,4.8
3511508,0.4045,0.072,0.2271,0.3685,0.3986,0.0059,0.3963,0.5317,0.0658,0.0062,4.8
3511607,0.2891,0.0358,0.2275,0.4831,0.2752,0.0139,0.5374,0.4269,0.0358,0.0,4.3
3511607,0.2891,0.0358,0.2275,0.4831,0.2752,0.0139,0.5374,0.4269,0.0358,0.0,4.3
3511706,0.3912,0.0478,0.2579,0.3508,0.3853,0.0059,0.5476,0.4046,0.0478,0.0,4.4
3511706,0.3912,0.0478,0.2579,0.3508,0.3853,0.0059,0.5476,0.4046,0.0478,0.0,4.4
3511904,0.4506,0.0607,0.2609,0.2887,0.4359,0.0147,0.4245,0.5148,0.0607,0.0,4.8
3511904,0.4506,0.0607,0.2609,0.2887,0.4359,0.0147,0.4245,0.5148,0.0607,0.0,4.8
3512001,0.1574,0.0071,0.5063,0.3362,0.1574,0.0,0.6393,0.3536,0.0071,0.0,3.7
3512001,0.1574,0.0071,0.5063,0.3362,0.1574,0.0,0.6393,0.3536,0.0071,0.0,5.0
3512001,0.1574,0.0071,0.5063,0.3362,0.1574,0.0,0.6393,0.3536,0.0071,0.0,3.9
3512100,0.2751,0.0227,0.2736,0.4514,0.2751,0.0,0.5368,0.4405,0.0227,0.0,4.1
3512100,0.2751,0.0227,0.2736,0.4514,0.2751,0.0,0.5368,0.4405,0.0227,0.0,4.1
3512209,0.4206,0.0977,0.1783,0.4011,0.4164,0.0042,0.3387,0.5636,0.094,0.0037,5.0
3512209,0.4206,0.0977,0.1783,0.4011,0.4164,0.0042,0.3387,0.5636,0.094,0.0037,5.0
3512308,0.2309,0.0,0.3608,0.4082,0.2309,0.0,0.6374,0.3626,0.0,0.0,4.1
3512308,0.2309,0.0,0.3608,0.4082,0.2309,0.0,0.6374,0.3626,0.0,0.0,4.1
3512407,0.4882,0.1064,0.1235,0.3883,0.4665,0.0217,0.2799,0.6137,0.1011,0.0053,4.6
3512407,0.4882,0.1064,0.1235,0.3883,0.4665,0.0217,0.2799,0.6137,0.1011,0.0053,4.6
3512506,,,,,,,,,,,
3512506,,,,,,,,,,,
3512605,0.2937,0.0412,0.3145,0.3917,0.2937,0.0,0.6958,0.2628,0.0412,0.0,4.1
3512605,0.2937,0.0412,0.3145,0.3917,0.2937,0.0,0.6958,0.2628,0.0412,0.0,4.1
3512704,0.3541,0.125,0.2917,0.3542,0.3541,0.0,0.5417,0.3333,0.125,0.0,4.7
3512704,0.3541,0.125,0.2917,0.3542,0.3541,0.0,0.5417,0.3333,0.125,0.0,4.7
3512803,0.4193,0.1013,0.1898,0.3909,0.4067,0.0126,0.4362,0.4625,0.1013,0.0,4.7
3512803,0.4193,0.1013,0.1898,0.3909,0.4067,0.0126,0.4362,0.4625,0.1013,0.0,4.7
3512902,0.0811,0.0135,0.527,0.3919,0.0811,0.0,0.8378,0.1486,0.0135,0.0,3.7
3512902,0.0811,0.0135,0.527,0.3919,0.0811,0.0,0.8378,0.1486,0.0135,0.0,3.7
3513009,0.3638,0.0456,0.2723,0.3639,0.3542,0.0096,0.5518,0.4026,0.0414,0.0042,4.3
3513009,0.3638,0.0456,0.2723,0.3639,0.3542,0.0096,0.5518,0.4026,0.0414,0.0042,4.3
3513108,0.3787,0.1016,0.211,0.4103,0.3699,0.0088,0.4439,0.4546,0.0956,0.006,4.9
3513108,0.3787,0.1016,0.211,0.4103,0.3699,0.0088,0.4439,0.4546,0.0956,0.006,4.9
3513207,0.2314,0.0,0.4813,0.2872,0.22,0.0114,0.698,0.302,0.0,0.0,3.9
3513207,0.2314,0.0,0.4813,0.2872,0.22,0.0114,0.698,0.302,0.0,0.0,3.9
3513306,,,,,,,,,,,
3513306,,,,,,,,,,,
3513405,0.387,0.0661,0.244,0.369,0.3782,0.0088,0.4848,0.4491,0.0645,0.0016,4.4
3513405,0.387,0.0661,0.244,0.369,0.3782,0.0088,0.4848,0.4491,0.0645,0.0016,4.4
3513504,0.4367,0.0789,0.2561,0.3072,0.3657,0.071,0.4623,0.4589,0.0773,0.0016,
3513504,0.4367,0.0789,0.2561,0.3072,0.3657,0.071,0.4623,0.4589,0.0773,0.0016,4.0
3513504,0.4367,0.0789,0.2561,0.3072,0.3657,0.071,0.4623,0.4589,0.0773,0.0016,4.6
3513603,0.3266,0.0577,0.2308,0.4425,0.3212,0.0054,0.4276,0.5146,0.0577,0.0,4.6
3513603,0.3266,0.0577,0.2308,0.4425,0.3212,0.0054,0.4276,0.5146,0.0577,0.0,4.6
3513702,0.4123,0.0801,0.2745,0.3131,0.4061,0.0062,0.5117,0.4081,0.0746,0.0055,4.6
3513702,0.4123,0.0801,0.2745,0.3131,0.4061,0.0062,0.5117,0.4081,0.0746,0.0055,4.6
3513801,0.3947,0.0348,0.2515,0.3539,0.386,0.0087,0.5352,0.4301,0.0337,0.0011,4.5
3513801,0.3947,0.0348,0.2515,0.3539,0.386,0.0087,0.5352,0.4301,0.0337,0.0011,4.5
3513850,0.5,0.0,0.2,0.3,0.5,0.0,0.2,0.8,0.0,0.0,5.1
3513850,0.5,0.0,0.2,0.3,0.5,0.0,0.2,0.8,0.0,0.0,5.1
3513900,,,,,,,,,,,
3513900,,,,,,,,,,,
3514007,0.1787,0.0188,0.6289,0.1923,0.1787,0.0,0.7556,0.2255,0.0188,0.0,3.7
3514007,0.1787,0.0188,0.6289,0.1923,0.1787,0.0,0.7556,0.2255,0.0188,0.0,3.7
3514106,0.2095,0.0,0.4549,0.3355,0.2095,0.0,0.7344,0.2656,0.0,0.0,3.8
3514106,0.2095,0.0,0.4549,0.3355,0.2095,0.0,0.7344,0.2656,0.0,0.0,3.8
3514205,0.5,0.0,0.0833,0.4167,0.5,0.0,0.2499,0.75,0.0,0.0,5.2
3514205,0.5,0.0,0.0833,0.4167,0.5,0.0,0.2499,0.75,0.0,0.0,5.2
3514304,0.3433,0.0248,0.3558,0.3009,0.3433,0.0,0.5671,0.408,0.0124,0.0124,4.5
3514304,0.3433,0.0248,0.3558,0.3009,0.3433,0.0,0.5671,0.408,0.0124,0.0124,4.5
3514403,0.4265,0.1005,0.2146,0.3588,0.4144,0.0121,0.4264,0.473,0.0848,0.0157,4.6
3514403,0.4265,0.1005,0.2146,0.3588,0.4144,0.0121,0.4264,0.473,0.0848,0.0157,4.6
3514502,,,,,,,,,,,
3514502,,,,,,,,,,,
3514601,0.3724,0.0212,0.2408,0.387,0.3724,0.0,0.5973,0.3815,0.0212,0.0,4.5
3514601,0.3724,0.0212,0.2408,0.387,0.3724,0.0,0.5973,0.3815,0.0212,0.0,4.5
3514700,,,,,,,,,,,
3514700,,,,,,,,,,,
3514809,0.2009,0.012,0.29,0.5092,0.2009,0.0,0.5929,0.3951,0.012,0.0,4.1
3514809,0.2009,0.012,0.29,0.5092,0.2009,0.0,0.5929,0.3951,0.012,0.0,4.1
3514908,0.3007,0.027,0.2865,0.4128,0.2863,0.0144,0.5533,0.4196,0.0203,0.0067,4.0
3514908,0.3007,0.027,0.2865,0.4128,0.2863,0.0144,0.5533,0.4196,0.0203,0.0067,4.0
3514924,0.4822,0.0733,0.0742,0.4435,0.4822,0.0,0.2585,0.6683,0.0733,0.0,5.2
3514924,0.4822,0.0733,0.0742,0.4435,0.4822,0.0,0.2585,0.6683,0.0733,0.0,5.2
3514957,0.35,0.0,0.25,0.4,0.35,0.0,0.6,0.4,0.0,0.0,4.5
3514957,0.35,0.0,0.25,0.4,0.35,0.0,0.6,0.4,0.0,0.0,4.5
3515004,0.3806,0.0449,0.2326,0.3869,0.3656,0.015,0.529,0.4261,0.0422,0.0027,4.5
3515004,0.3806,0.0449,0.2326,0.3869,0.3656,0.015,0.529,0.4261,0.0422,0.0027,4.5
3515103,0.2933,0.0488,0.3677,0.3391,0.2855,0.0078,0.5891,0.3621,0.0488,0.0,4.3
3515103,0.2933,0.0488,0.3677,0.3391,0.2855,0.0078,0.5891,0.3621,0.0488,0.0,4.3
3515129,0.3381,0.0,0.4145,0.2472,0.3381,0.0,0.4981,0.5018,0.0,0.0,4.5
3515129,0.3381,0.0,0.4145,0.2472,0.3381,0.0,0.4981,0.5018,0.0,0.0,4.5
3515152,,,,,,,,,,,
3515152,,,,,,,,,,,
3515186,0.3866,0.0649,0.2826,0.3308,0.3651,0.0215,0.4742,0.4608,0.0621,0.0028,4.5
3515186,0.3866,0.0649,0.2826,0.3308,0.3651,0.0215,0.4742,0.4608,0.0621,0.0028,4.5
3515194,,,,,,,,,,,
3515194,,,,,,,,,,,
3515202,,,,,,,,,,,
3515202,,,,,,,,,,,
3515301,0.305,0.0317,0.4633,0.2317,0.305,0.0,0.5683,0.4,0.0317,0.0,4.4
3515301,0.305,0.0317,0.4633,0.2317,0.305,0.0,0.5683,0.4,0.0317,0.0,4.4
3515350,0.287,0.0459,0.4131,0.2999,0.2547,0.0323,0.62,0.334,0.0306,0.0153,4.5
3515350,0.287,0.0459,0.4131,0.2999,0.2547,0.0323,0.62,0.334,0.0306,0.0153,4.5
3515400,0.4082,0.1168,0.309,0.2828,0.3926,0.0156,0.3764,0.5068,0.109,0.0078,4.8
3515400,0.4082,0.1168,0.309,0.2828,0.3926,0.0156,0.3764,0.5068,0.109,0.0078,4.8
3515509,0.417,0.0989,0.2333,0.3496,0.3932,0.0238,0.405,0.4961,0.0882,0.0107,5.0
3515509,0.417,0.0989,0.2333,0.3496,0.3932,0.0238,0.405,0.4961,0.0882,0.0107,5.0
3515608,0.2717,0.0156,0.4723,0.256,0.2717,0.0,0.6015,0.3828,0.0156,0.0,4.2
3515608,0.2717,0.0156,0.4723,0.256,0.2717,0.0,0.6015,0.3828,0.0156,0.0,4.2
3515657,0.591,0.1364,0.091,0.3182,0.591,0.0,0.2728,0.5909,0.1364,0.0,5.6
3515657,0.591,0.1364,0.091,0.3182,0.591,0.0,0.2728,0.5909,0.1364,0.0,5.6
3515707,0.3264,0.0302,0.3259,0.3478,0.3208,0.0056,0.5823,0.3876,0.0281,0.0021,4.2
3515707,0.3264,0.0302,0.3259,0.3478,0.3208,0.0056,0.5823,0.3876,0.0281,0.0021,4.2
3515806,0.25,0.0,0.4166,0.3333,0.25,0.0,0.4999,0.5,0.0,0.0,4.4
3515806,0.25,0.0,0.4166,0.3333,0.25,0.0,0.4999,0.5,0.0,0.0,4.4
3515905,0.591,0.0,0.1364,0.2727,0.591,0.0,0.2728,0.7273,0.0,0.0,5.3
3515905,0.591,0.0,0.1364,0.2727,0.591,0.0,0.2728,0.7273,0.0,0.0,5.3
3516002,,,,,,,,,,,
3516002,,,,,,,,,,,
3516101,0.2814,0.0313,0.3438,0.375,0.2814,0.0,0.5001,0.4688,0.0313,0.0,4.2
3516101,0.2814,0.0313,0.3438,0.375,0.2814,0.0,0.5001,0.4688,0.0313,0.0,4.2
3516200,0.3766,0.0723,0.2792,0.3443,0.371,0.0056,0.4779,0.4498,0.0664,0.0059,4.5
3516200,0.3766,0.0723,0.2792,0.3443,0.371,0.0056,0.4779,0.4498,0.0664,0.0059,4.5
3516309,0.2943,0.0264,0.3073,0.3983,0.2901,0.0042,0.5849,0.3887,0.0252,0.0012,4.4
3516309,0.2943,0.0264,0.3073,0.3983,0.2901,0.0042,0.5849,0.3887,0.0252,0.0012,4.4
3516408,0.357,0.0414,0.2872,0.356,0.3442,0.0128,0.5702,0.3885,0.0389,0.0025,4.5
3516408,0.357,0.0414,0.2872,0.356,0.3442,0.0128,0.5702,0.3885,0.0389,0.0025,4.5
3516507,0.5822,0.0888,0.235,0.1828,0.5378,0.0444,0.235,0.6762,0.0888,0.0,5.2
3516507,0.5822,0.0888,0.235,0.1828,0.5378,0.0444,0.235,0.6762,0.0888,0.0,5.2
3516606,,,,,,,,,,,
3516606,,,,,,,,,,,
3516705,0.2878,0.025,0.3902,0.3222,0.2807,0.0071,0.6204,0.3546,0.025,0.0,4.2
3516705,0.2878,0.025,0.3902,0.3222,0.2807,0.0071,0.6204,0.3546,0.025,0.0,4.2
3516804,0.5409,0.0,0.2066,0.2525,0.5409,0.0,0.4375,0.5623,0.0,0.0,5.1
3516804,0.5409,0.0,0.2066,0.2525,0.5409,0.0,0.4375,0.5623,0.0,0.0,5.1
3516853,0.2611,0.0189,0.4717,0.2672,0.2611,0.0,0.6791,0.302,0.0189,0.0,4.1
3516853,0.2611,0.0189,0.4717,0.2672,0.2611,0.0,0.6791,0.302,0.0189,0.0,4.1
3516903,0.5704,0.2194,0.2322,0.1973,0.5529,0.0175,0.2258,0.5549,0.1844,0.035,5.4
3516903,0.5704,0.2194,0.2322,0.1973,0.5529,0.0175,0.2258,0.5549,0.1844,0.035,5.4
3517000,0.153,0.016,0.4362,0.4108,0.153,0.0,0.7122,0.2718,0.016,0.0,3.8
3517000,0.153,0.016,0.4362,0.4108,0.153,0.0,0.7122,0.2718,0.016,0.0,3.8
3517109,,,,,,,,,,,
3517109,,,,,,,,,,,
3517208,,,,,,,,,,,
3517208,,,,,,,,,,,
3517307,,,,,,,,,,,
3517307,,,,,,,,,,,
3517406,0.2501,0.0383,0.4317,0.3181,0.2445,0.0056,0.5759,0.3858,0.0383,0.0,4.2
3517406,0.2501,0.0383,0.4317,0.3181,0.2445,0.0056,0.5759,0.3858,0.0383,0.0,4.2
3517505,0.334,0.042,0.299,0.3669,0.334,0.0,0.5763,0.3818,0.0375,0.0045,4.0
3517505,0.334,0.042,0.299,0.3669,0.334,0.0,0.5763,0.3818,0.0375,0.0045,4.0
3517604,0.2932,0.046,0.3375,0.3693,0.285,0.0082,0.6012,0.3529,0.046,0.0,4.4
3517604,0.2932,0.046,0.3375,0.3693,0.285,0.0082,0.6012,0.3529,0.046,0.0,4.4
3517703,0.123,0.0,0.5118,0.3652,0.123,0.0,0.7136,0.2864,0.0,0.0,3.9
3517703,0.123,0.0,0.5118,0.3652,0.123,0.0,0.7136,0.2864,0.0,0.0,3.9
3517802,0.3086,0.0122,0.283,0.4084,0.3086,0.0,0.4321,0.5557,0.0122,0.0,4.5
3517802,0.3086,0.0122,0.283,0.4084,0.3086,0.0,0.4321,0.5557,0.0122,0.0,4.5
3517901,0.25,0.0177,0.4421,0.3078,0.2414,0.0086,0.6388,0.3434,0.0177,0.0,4.2
3517901,0.25,0.0177,0.4421,0.3078,0.2414,0.0086,0.6388,0.3434,0.0177,0.0,4.2
3518008,,,,,,,,,,,
3518008,,,,,,,,,,,
3518107,0.1082,0.0,0.5082,0.3836,0.1082,0.0,0.8077,0.1924,0.0,0.0,3.4
3518107,0.1082,0.0,0.5082,0.3836,0.1082,0.0,0.8077,0.1924,0.0,0.0,3.4
3518206,0.3194,0.0289,0.3251,0.3555,0.3095,0.0099,0.5113,0.4597,0.0242,0.0047,4.6
3518206,0.3194,0.0289,0.3251,0.3555,0.3095,0.0099,0.5113,0.4597,0.0242,0.0047,4.6
3518305,0.408,0.0346,0.2655,0.3266,0.4015,0.0065,0.5338,0.4316,0.0311,0.0035,4.5
3518305,0.408,0.0346,0.2655,0.3266,0.4015,0.0065,0.5338,0.4316,0.0311,0.0035,4.5
3518404,0.4917,0.1148,0.206,0.3023,0.4726,0.0191,0.3794,0.5056,0.1032,0.0116,4.8
3518404,0.4917,0.1148,0.206,0.3023,0.4726,0.0191,0.3794,0.5056,0.1032,0.0116,4.8
3518503,0.418,0.0,0.2762,0.3058,0.418,0.0,0.6049,0.3949,0.0,0.0,3.9
3518503,0.418,0.0,0.2762,0.3058,0.418,0.0,0.6049,0.3949,0.0,0.0,3.9
3518602,0.3481,0.0382,0.271,0.381,0.3374,0.0107,0.5216,0.4403,0.0382,0.0,4.6
3518602,0.3481,0.0382,0.271,0.381,0.3374,0.0107,0.5216,0.4403,0.0382,0.0,4.6
3518701,0.336,0.0361,0.3112,0.3528,0.3304,0.0056,0.6049,0.359,0.0342,0.0019,4.0
3518701,0.336,0.0361,0.3112,0.3528,0.3304,0.0056,0.6049,0.359,0.0342,0.0019,4.0
3518800,0.3498,0.0415,0.3012,0.3488,0.3425,0.0073,0.5734,0.3851,0.0392,0.0023,
3518800,0.3498,0.0415,0.3012,0.3488,0.3425,0.0073,0.5734,0.3851,0.0392,0.0023,4.3
3518800,0.3498,0.0415,0.3012,0.3488,0.3425,0.0073,0.5734,0.3851,0.0392,0.0023,4.3
3518859,,,,,,,,,,,
3518859,,,,,,,,,,,
3518909,0.3755,0.0259,0.2014,0.4232,0.3755,0.0,0.5279,0.4462,0.0259,0.0,4.8
3518909,0.3755,0.0259,0.2014,0.4232,0.3755,0.0,0.5279,0.4462,0.0259,0.0,4.8
3519006,,,,,,,,,,,
3519006,,,,,,,,,,,
3519055,,,,,,,,,,,
3519055,,,,,,,,,,,
3519071,0.3978,0.0636,0.2617,0.3405,0.3861,0.0117,0.478,0.4583,0.0607,0.0029,5.3
3519071,0.3978,0.0636,0.2617,0.3405,0.3861,0.0117,0.478,0.4583,0.0607,0.0029,4.5
3519071,0.3978,0.0636,0.2617,0.3405,0.3861,0.0117,0.478,0.4583,0.0607,0.0029,4.5
3519105,,,,,,,,,,,
3519105,,,,,,,,,,,
3519204,,,,,,,,,,,
3519204,,,,,,,,,,,
3519253,0.1999,0.0503,0.4458,0.3544,0.1999,0.0,0.4898,0.46,0.0503,0.0,4.2
3519253,0.1999,0.0503,0.4458,0.3544,0.1999,0.0,0.4898,0.46,0.0503,0.0,4.2
3519303,0.3957,0.0594,0.2652,0.339,0.3901,0.0056,0.4689,0.4717,0.0594,0.0,4.6
3519303,0.3957,0.0594,0.2652,0.339,0.3901,0.0056,0.4689,0.4717,0.0594,0.0,4.6
3519402,,,,,,,,,,,
3519402,,,,,,,,,,,
3519501,0.0788,0.0275,0.5403,0.381,0.0788,0.0,0.4615,0.511,0.0275,0.0,3.7
3519501,0.0788,0.0275,0.5403,0.381,0.0788,0.0,0.4615,0.511,0.0275,0.0,3.7
3519600,0.411,0.0755,0.2472,0.3417,0.3879,0.0231,0.4509,0.4736,0.0668,0.0087,4.5
3519600,0.411,0.0755,0.2472,0.3417,0.3879,0.0231,0.4509,0.4736,0.0668,0.0087,4.5
3519709,0.2861,0.0518,0.3389,0.375,0.2748,0.0113,0.5307,0.4176,0.0482,0.0036,4.3
3519709,0.2861,0.0518,0.3389,0.375,0.2748,0.0113,0.5307,0.4176,0.0482,0.0036,4.3
3519808,0.2037,0.0157,0.3566,0.4397,0.2037,0.0,0.4659,0.5184,0.0157,0.0,4.4
3519808,0.2037,0.0157,0.3566,0.4397,0.2037,0.0,0.4659,0.5184,0.0157,0.0,4.4
3519907,0.2655,0.0696,0.4524,0.2821,0.2517,0.0138,0.484,0.4464,0.0696,0.0,4.4
3519907,0.2655,0.0696,0.4524,0.2821,0.2517,0.0138,0.484,0.4464,0.0696,0.0,4.4
3520004,0.1777,0.0136,0.5093,0.313,0.1717,0.006,0.7357,0.2507,0.0136,0.0,3.7
3520004,0.1777,0.0136,0.5093,0.313,0.1717,0.006,0.7357,0.2507,0.0136,0.0,3.7
3520103,0.3543,0.0444,0.3269,0.3188,0.3494,0.0049,0.5573,0.3982,0.0444,0.0,4.3
3520103,0.3543,0.0444,0.3269,0.3188,0.3494,0.0049,0.5573,0.3982,0.0444,0.0,4.9
3520103,0.3543,0.0444,0.3269,0.3188,0.3494,0.0049,0.5573,0.3982,0.0444,0.0,4.4
3520202,0.4278,0.0448,0.1799,0.3922,0.4278,0.0,0.4131,0.542,0.0448,0.0,4.9
3520202,0.4278,0.0448,0.1799,0.3922,0.4278,0.0,0.4131,0.542,0.0448,0.0,4.9
3520301,0.3708,0.043,0.269,0.3602,0.368,0.0028,0.5115,0.4455,0.043,0.0,4.5
3520301,0.3708,0.043,0.269,0.3602,0.368,0.0028,0.5115,0.4455,0.043,0.0,4.5
3520400,0.3549,0.0202,0.2538,0.3912,0.3526,0.0023,0.5169,0.4629,0.0202,0.0,4.6
3520400,0.3549,0.0202,0.2538,0.3912,0.3526,0.0023,0.5169,0.4629,0.0202,0.0,4.6
3520426,,,,,,,,,,,
3520426,,,,,,,,,,,
3520442,0.5267,0.1667,0.1325,0.3408,0.5106,0.0161,0.3493,0.484,0.1568,0.0099,
3520442,0.5267,0.1667,0.1325,0.3408,0.5106,0.0161,0.3493,0.484,0.1568,0.0099,5.0
3520442,0.5267,0.1667,0.1325,0.3408,0.5106,0.0161,0.3493,0.484,0.1568,0.0099,5.2
3520509,0.4843,0.0938,0.1877,0.3279,0.4716,0.0127,0.3978,0.5084,0.0879,0.0059,4.6
3520509,0.4843,0.0938,0.1877,0.3279,0.4716,0.0127,0.3978,0.5084,0.0879,0.0059,4.6
3520608,0.3291,0.0385,0.3448,0.326,0.3291,0.0,0.5546,0.4069,0.0385,0.0,4.2
3520608,0.3291,0.0385,0.3448,0.326,0.3291,0.0,0.5546,0.4069,0.0385,0.0,4.2
3520707,0.4737,0.1053,0.1579,0.3684,0.4737,0.0,0.3157,0.579,0.1053,0.0,5.1
3520707,0.4737,0.1053,0.1579,0.3684,0.4737,0.0,0.3157,0.579,0.1053,0.0,5.1
3520806,,,,,,,,,,,
3520806,,,,,,,,,,,
3520905,0.4556,0.0776,0.1428,0.4014,0.4276,0.028,0.3374,0.5851,0.0776,0.0,5.1
3520905,0.4556,0.0776,0.1428,0.4014,0.4276,0.028,0.3374,0.5851,0.0776,0.0,5.1
3521002,0.3041,0.0218,0.3538,0.3421,0.3041,0.0,0.5951,0.3831,0.0218,0.0,4.1
3521002,0.3041,0.0218,0.3538,0.3421,0.3041,0.0,0.5951,0.3831,0.0218,0.0,4.1
3521101,0.2721,0.0,0.3197,0.4082,0.2721,0.0,0.502,0.4981,0.0,0.0,4.4
3521101,0.2721,0.0,0.3197,0.4082,0.2721,0.0,0.502,0.4981,0.0,0.0,4.4
3521150,,,,,,,,,,,
3521150,,,,,,,,,,,
3521200,,,,,,,,,,,
3521200,,,,,,,,,,,
3521309,,,,,,,,,,,
3521309,,,,,,,,,,,
3521408,0.4465,0.103,0.1599,0.3938,0.4376,0.0089,0.4292,0.4677,0.103,0.0,4.6
3521408,0.4465,0.103,0.1599,0.3938,0.4376,0.0089,0.4292,0.4677,0.103,0.0,4.6
3521507,0.358,0.0446,0.3539,0.288,0.3129,0.0451,0.487,0.4684,0.0446,0.0,4.4
3521507,0.358,0.0446,0.3539,0.288,0.3129,0.0451,0.487,0.4684,0.0446,0.0,4.4
3521606,0.359,0.0513,0.3333,0.3077,0.359,0.0,0.5385,0.4103,0.0513,0.0,4.4
3521606,0.359,0.0513,0.3333,0.3077,0.359,0.0,0.5385,0.4103,0.0513,0.0,4.4
3521705,0.3072,0.0273,0.2744,0.4184,0.2997,0.0075,0.5061,0.4667,0.0273,0.0,4.5
3521705,0.3072,0.0273,0.2744,0.4184,0.2997,0.0075,0.5061,0.4667,0.0273,0.0,4.5
3521804,0.2863,0.0284,0.3856,0.328,0.2863,0.0,0.5395,0.4321,0.0284,0.0,4.3
3521804,0.2863,0.0284,0.3856,0.328,0.2863,0.0,0.5395,0.4321,0.0284,0.0,4.3
3521903,0.2957,0.0191,0.4019,0.3025,0.2866,0.0091,0.5771,0.4038,0.0191,0.0,4.2
3521903,0.2957,0.0191,0.4019,0.3025,0.2866,0.0091,0.5771,0.4038,0.0191,0.0,4.2
3522000,,,,,,,,,,,
3522000,,,,,,,,,,,
3522109,0.3716,0.0421,0.2697,0.3587,0.3591,0.0125,0.5281,0.4298,0.0389,0.0032,4.6
3522109,0.3716,0.0421,0.2697,0.3587,0.3591,0.0125,0.5281,0.4298,0.0389,0.0032,4.6
3522158,0.3136,0.0636,0.2961,0.3904,0.3136,0.0,0.5922,0.3443,0.0636,0.0,4.4
3522158,0.3136,0.0636,0.2961,0.3904,0.3136,0.0,0.5922,0.3443,0.0636,0.0,4.4
3522208,0.3676,0.0448,0.2555,0.3769,0.3609,0.0067,0.5267,0.4285,0.0418,0.003,4.5
3522208,0.3676,0.0448,0.2555,0.3769,0.3609,0.0067,0.5267,0.4285,0.0418,0.003,4.5
3522307,0.3997,0.0784,0.2461,0.3541,0.3881,0.0116,0.4555,0.466,0.0721,0.0063,
3522307,0.3997,0.0784,0.2461,0.3541,0.3881,0.0116,0.4555,0.466,0.0721,0.0063,4.4
3522307,0.3997,0.0784,0.2461,0.3541,0.3881,0.0116,0.4555,0.466,0.0721,0.0063,4.5
3522406,0.3749,0.0801,0.3028,0.3224,0.3653,0.0096,0.4801,0.4398,0.0755,0.0046,4.7
3522406,0.3749,0.0801,0.3028,0.3224,0.3653,0.0096,0.4801,0.4398,0.0755,0.0046,4.7
3522505,0.2882,0.0238,0.3724,0.3395,0.2853,0.0029,0.6531,0.3231,0.022,0.0018,4.1
3522505,0.2882,0.0238,0.3724,0.3395,0.2853,0.0029,0.6531,0.3231,0.022,0.0018,4.1
3522604,0.508,0.071,0.1335,0.3586,0.4944,0.0136,0.3878,0.5414,0.0662,0.0048,4.9
3522604,0.508,0.071,0.1335,0.3586,0.4944,0.0136,0.3878,0.5414,0.0662,0.0048,4.9
3522653,0.1783,0.0,0.4097,0.4121,0.1783,0.0,0.5903,0.4097,0.0,0.0,4.0
3522653,0.1783,0.0,0.4097,0.4121,0.1783,0.0,0.5903,0.4097,0.0,0.0,4.0
3522703,0.3859,0.0481,0.2993,0.3148,0.3765,0.0094,0.5433,0.4084,0.0481,0.0,4.6
3522703,0.3859,0.0481,0.2993,0.3148,0.3765,0.0094,0.5433,0.4084,0.0481,0.0,4.6
3522802,0.3685,0.0596,0.2432,0.3881,0.3391,0.0294,0.5861,0.3543,0.0596,0.0,4.1
3522802,0.3685,0.0596,0.2432,0.3881,0.3391,0.0294,0.5861,0.3543,0.0596,0.0,4.1
3522901,,,,,,,,,,,
3522901,,,,,,,,,,,
3523008,0.288,0.0,0.4312,0.2807,0.288,0.0,0.5817,0.4183,0.0,0.0,4.2
3523008,0.288,0.0,0.4312,0.2807,0.288,0.0,0.5817,0.4183,0.0,0.0,4.2
3523107,0.3085,0.0288,0.3146,0.3771,0.3014,0.0071,0.6024,0.3686,0.028,0.0008,
3523107,0.3085,0.0288,0.3146,0.3771,0.3014,0.0071,0.6024,0.3686,0.028,0.0008,4.2
3523107,0.3085,0.0288,0.3146,0.3771,0.3014,0.0071,0.6024,0.3686,0.028,0.0008,4.2
3523206,0.402,0.0626,0.2596,0.3384,0.3863,0.0157,0.4269,0.5107,0.056,0.0066,4.5
3523206,0.402,0.0626,0.2596,0.3384,0.3863,0.0157,0.4269,0.5107,0.056,0.0066,4.5
3523305,0.1844,0.0176,0.5215,0.294,0.1844,0.0,0.7301,0.2524,0.0176,0.0,4.0
3523305,0.1844,0.0176,0.5215,0.294,0.1844,0.0,0.7301,0.2524,0.0176,0.0,4.0
3523404,0.5436,0.1437,0.1418,0.3147,0.5197,0.0239,0.294,0.5624,0.1376,0.0061,5.2
3523404,0.5436,0.1437,0.1418,0.3147,0.5197,0.0239,0.294,0.5624,0.1376,0.0061,5.2
3523503,0.3722,0.0224,0.1323,0.4955,0.3578,0.0144,0.4383,0.5393,0.0224,0.0,4.4
3523503,0.3722,0.0224,0.1323,0.4955,0.3578,0.0144,0.4383,0.5393,0.0224,0.0,4.4
3523602,,,,,,,,,,,
3523602,,,,,,,,,,,
3523701,,,,,,,,,,,
3523701,,,,,,,,,,,
3523800,,,,,,,,,,,
3523800,,,,,,,,,,,
3523909,0.4388,0.066,0.2314,0.3298,0.4223,0.0165,0.4596,0.4745,0.061,0.005,4.5
3523909,0.4388,0.066,0.2314,0.3298,0.4223,0.0165,0.4596,0.4745,0.061,0.005,4.5
3524006,0.3506,0.035,0.272,0.3772,0.341,0.0096,0.5274,0.4377,0.035,0.0,4.4
3524006,0.3506,0.035,0.272,0.3772,0.341,0.0096,0.5274,0.4377,0.035,0.0,4.4
3524105,0.3856,0.0448,0.2486,0.3659,0.3856,0.0,0.4582,0.497,0.0411,0.0037,4.6
3524105,0.3856,0.0448,0.2486,0.3659,0.3856,0.0,0.4582,0.497,0.0411,0.0037,4.6
3524204,0.243,0.0426,0.4025,0.3546,0.243,0.0,0.6702,0.2872,0.0426,0.0,4.1
3524204,0.243,0.0426,0.4025,0.3546,0.243,0.0,0.6702,0.2872,0.0426,0.0,4.1
3524303,0.3802,0.0848,0.2453,0.3745,0.364,0.0162,0.4813,0.4337,0.0701,0.0147,4.7
3524303,0.3802,0.0848,0.2453,0.3745,0.364,0.0162,0.4813,0.4337,0.0701,0.0147,4.7
3524402,0.4492,0.0783,0.2186,0.3321,0.4396,0.0096,0.4358,0.4859,0.0734,0.0049,
3524402,0.4492,0.0783,0.2186,0.3321,0.4396,0.0096,0.4358,0.4859,0.0734,0.0049,4.6
3524402,0.4492,0.0783,0.2186,0.3321,0.4396,0.0096,0.4358,0.4859,0.0734,0.0049,4.7
3524501,,,,,,,,,,,
3524501,,,,,,,,,,,
3524600,0.386,0.0548,0.1774,0.4367,0.3753,0.0107,0.4917,0.4535,0.0548,0.0,4.9
3524600,0.386,0.0548,0.1774,0.4367,0.3753,0.0107,0.4917,0.4535,0.0548,0.0,4.9
3524709,0.4623,0.09,0.1626,0.375,0.4514,0.0109,0.3603,0.5498,0.0877,0.0023,4.6
3524709,0.4623,0.09,0.1626,0.375,0.4514,0.0109,0.3603,0.5498,0.0877,0.0023,4.6
3524808,0.435,0.0903,0.2754,0.2896,0.4159,0.0191,0.4463,0.4634,0.0855,0.0048,4.8
3524808,0.435,0.0903,0.2754,0.2896,0.4159,0.0191,0.4463,0.4634,0.0855,0.0048,4.8
3524907,0.144,0.0238,0.4909,0.3651,0.144,0.0,0.5896,0.3866,0.0238,0.0,3.9
3524907,0.144,0.0238,0.4909,0.3651,0.144,0.0,0.5896,0.3866,0.0238,0.0,3.9
3525003,0.3537,0.0392,0.3211,0.3252,0.3461,0.0076,0.5909,0.3699,0.0374,0.0018,4.3
3525003,0.3537,0.0392,0.3211,0.3252,0.3461,0.0076,0.5909,0.3699,0.0374,0.0018,4.3
3525102,0.279,0.0355,0.3703,0.3508,0.2717,0.0073,0.6126,0.3518,0.0322,0.0033,3.9
3525102,0.279,0.0355,0.3703,0.3508,0.2717,0.0073,0.6126,0.3518,0.0322,0.0033,3.9
3525201,0.3321,0.0615,0.2374,0.4305,0.3183,0.0138,0.5172,0.4212,0.0573,0.0042,4.6
3525201,0.3321,0.0615,0.2374,0.4305,0.3183,0.0138,0.5172,0.4212,0.0573,0.0042,4.6
3525300,0.422,0.0903,0.2321,0.3459,0.4091,0.0129,0.4509,0.4588,0.083,0.0073,4.6
3525300,0.422,0.0903,0.2321,0.3459,0.4091,0.0129,0.4509,0.4588,0.083,0.0073,4.6
3525409,0.1384,0.0,0.4293,0.4323,0.1384,0.0,0.7319,0.2681,0.0,0.0,4.1
3525409,0.1384,0.0,0.4293,0.4323,0.1384,0.0,0.7319,0.2681,0.0,0.0,4.1
3525508,0.3771,0.1359,0.2077,0.4153,0.3771,0.0,0.3697,0.4944,0.1242,0.0117,4.4
3525508,0.3771,0.1359,0.2077,0.4153,0.3771,0.0,0.3697,0.4944,0.1242,0.0117,4.4
3525607,0.2959,0.0598,0.3238,0.3804,0.2959,0.0,0.5566,0.3836,0.0598,0.0,4.3
3525607,0.2959,0.0598,0.3238,0.3804,0.2959,0.0,0.5566,0.3836,0.0598,0.0,4.3
3525706,0.2925,0.0293,0.282,0.4255,0.2889,0.0036,0.5205,0.4501,0.0293,0.0,4.4
3525706,0.2925,0.0293,0.282,0.4255,0.2889,0.0036,0.5205,0.4501,0.0293,0.0,4.4
3525805,,,,,,,,,,,
3525805,,,,,,,,,,,
3525854,0.3692,0.1262,0.1361,0.4947,0.3207,0.0485,0.3492,0.5246,0.1262,0.0,5.0
3525854,0.3692,0.1262,0.1361,0.4947,0.3207,0.0485,0.3492,0.5246,0.1262,0.0,5.0
3525904,0.4917,0.1083,0.1886,0.3198,0.4742,0.0175,0.3779,0.5138,0.1007,0.0076,6.0
3525904,0.4917,0.1083,0.1886,0.3198,0.4742,0.0175,0.3779,0.5138,0.1007,0.0076,5.0
3525904,0.4917,0.1083,0.1886,0.3198,0.4742,0.0175,0.3779,0.5138,0.1007,0.0076,5.0
3526001,0.4221,0.1163,0.1391,0.4389,0.4074,0.0147,0.3802,0.5034,0.11,0.0063,5.0
3526001,0.4221,0.1163,0.1391,0.4389,0.4074,0.0147,0.3802,0.5034,0.11,0.0063,5.0
3526100,0.3197,0.0356,0.3659,0.3143,0.3158,0.0039,0.6355,0.3289,0.0356,0.0,4.2
3526100,0.3197,0.0356,0.3659,0.3143,0.3158,0.0039,0.6355,0.3289,0.0356,0.0,4.2
3526209,0.3108,0.033,0.3706,0.3186,0.3081,0.0027,0.5653,0.4016,0.0286,0.0044,4.4
3526209,0.3108,0.033,0.3706,0.3186,0.3081,0.0027,0.5653,0.4016,0.0286,0.0044,4.4
3526308,0.4837,0.1884,0.2495,0.2668,0.4206,0.0631,0.2871,0.5246,0.1884,0.0,5.3
3526308,0.4837,0.1884,0.2495,0.2668,0.4206,0.0631,0.2871,0.5246,0.1884,0.0,5.3
3526407,0.2807,0.0326,0.325,0.3943,0.2807,0.0,0.6063,0.3611,0.0326,0.0,4.4
3526407,0.2807,0.0326,0.325,0.3943,0.2807,0.0,0.6063,0.3611,0.0326,0.0,4.4
3526506,0.4348,0.1296,0.2182,0.3469,0.4348,0.0,0.4348,0.4357,0.1296,0.0,5.0
3526506,0.4348,0.1296,0.2182,0.3469,0.4348,0.0,0.4348,0.4357,0.1296,0.0,5.0
3526605,0.1673,0.0174,0.3502,0.4824,0.1673,0.0,0.6783,0.3043,0.0174,0.0,4.2
3526605,0.1673,0.0174,0.3502,0.4824,0.1673,0.0,0.6783,0.3043,0.0174,0.0,4.2
3526704,0.4223,0.0785,0.2235,0.3542,0.4148,0.0075,0.4212,0.5003,0.0722,0.0063,4.7
3526704,0.4223,0.0785,0.2235,0.3542,0.4148,0.0075,0.4212,0.5003,0.0722,0.0063,4.7
3526803,0.4882,0.0609,0.205,0.3067,0.478,0.0102,0.3955,0.5436,0.0543,0.0066,4.8
3526803,0.4882,0.0609,0.205,0.3067,0.478,0.0102,0.3955,0.5436,0.0543,0.0066,4.8
3526902,0.4278,0.0868,0.2351,0.3372,0.4152,0.0126,0.4348,0.4784,0.0808,0.006,4.6
3526902,0.4278,0.0868,0.2351,0.3372,0.4152,0.0126,0.4348,0.4784,0.0808,0.006,4.6
3527009,0.4986,0.0517,0.0799,0.4216,0.4711,0.0275,0.256,0.6923,0.0517,0.0,5.2
3527009,0.4986,0.0517,0.0799,0.4216,0.4711,0.0275,0.256,0.6923,0.0517,0.0,5.2
3527108,0.3112,0.0401,0.3074,0.3815,0.3031,0.0081,0.6003,0.3598,0.0346,0.0055,4.3
3527108,0.3112,0.0401,0.3074,0.3815,0.3031,0.0081,0.6003,0.3598,0.0346,0.0055,4.3
3527207,0.3612,0.07,0.3005,0.3384,0.3386,0.0226,0.5233,0.4068,0.0669,0.0031,4.4
3527207,0.3612,0.07,0.3005,0.3384,0.3386,0.0226,0.5233,0.4068,0.0669,0.0031,4.4
3527256,0.3076,0.0769,0.1538,0.5385,0.3076,0.0,0.3845,0.5384,0.0769,0.0,4.8
3527256,0.3076,0.0769,0.1538,0.5385,0.3076,0.0,0.3845,0.5384,0.0769,0.0,4.8
3527306,0.3917,0.048,0.2463,0.3621,0.3813,0.0104,0.4495,0.5025,0.0431,0.0049,4.7
3527306,0.3917,0.048,0.2463,0.3621,0.3813,0.0104,0.4495,0.5025,0.0431,0.0049,4.7
3527405,0.2658,0.0387,0.3441,0.3902,0.2658,0.0,0.4944,0.4669,0.0387,0.0,4.3
3527405,0.2658,0.0387,0.3441,0.3902,0.2658,0.0,0.4944,0.4669,0.0387,0.0,4.3
3527504,0.1176,0.0,0.4118,0.4706,0.1176,0.0,0.6471,0.3529,0.0,0.0,4.0
3527504,0.1176,0.0,0.4118,0.4706,0.1176,0.0,0.6471,0.3529,0.0,0.0,4.0
3527603,,,,,,,,,,,
3527603,,,,,,,,,,,
3527702,0.3394,0.07,0.3289,0.3317,0.3394,0.0,0.604,0.3261,0.07,0.0,4.6
3527702,0.3394,0.07,0.3289,0.3317,0.3394,0.0,0.604,0.3261,0.07,0.0,4.6
3527801,,,,,,,,,,,
3527801,,,,,,,,,,,
3527900,0.2513,0.05,0.3126,0.4363,0.2263,0.025,0.4163,0.5338,0.05,0.0,4.3
3527900,0.2513,0.05,0.3126,0.4363,0.2263,0.025,0.4163,0.5338,0.05,0.0,4.3
3528007,0.3823,0.0198,0.3195,0.2982,0.3753,0.007,0.5061,0.4743,0.0198,0.0,4.4
3528007,0.3823,0.0198,0.3195,0.2982,0.3753,0.007,0.5061,0.4743,0.0198,0.0,4.4
3528106,0.2909,0.0164,0.4193,0.2898,0.2909,0.0,0.6774,0.3062,0.0164,0.0,4.2
3528106,0.2909,0.0164,0.4193,0.2898,0.2909,0.0,0.6774,0.3062,0.0164,0.0,4.2
3528205,0.4091,0.0,0.1364,0.4545,0.4091,0.0,0.6363,0.3637,0.0,0.0,4.7
3528205,0.4091,0.0,0.1364,0.4545,0.4091,0.0,0.6363,0.3637,0.0,0.0,4.7
3528304,,,,,,,,,,,
3528304,,,,,,,,,,,
3528403,0.3925,0.075,0.2573,0.3502,0.3773,0.0152,0.4657,0.4593,0.067,0.008,4.6
3528403,0.3925,0.075,0.2573,0.3502,0.3773,0.0152,0.4657,0.4593,0.067,0.008,4.6
3528502,0.3643,0.0461,0.2713,0.3644,0.3592,0.0051,0.5162,0.4377,0.0437,0.0024,4.5
3528502,0.3643,0.0461,0.2713,0.3644,0.3592,0.0051,0.5162,0.4377,0.0437,0.0024,4.5
3528601,0.2995,0.0492,0.3767,0.3238,0.2995,0.0,0.5055,0.4453,0.0492,0.0,4.1
3528601,0.2995,0.0492,0.3767,0.3238,0.2995,0.0,0.5055,0.4453,0.0492,0.0,4.1
3528700,0.2222,0.0741,0.3333,0.4444,0.2222,0.0,0.5185,0.4074,0.0741,0.0,4.3
3528700,0.2222,0.0741,0.3333,0.4444,0.2222,0.0,0.5185,0.4074,0.0741,0.0,4.3
3528809,0.4292,0.0661,0.3395,0.2312,0.3954,0.0338,0.5293,0.4045,0.0661,0.0,4.5
3528809,0.4292,0.0661,0.3395,0.2312,0.3954,0.0338,0.5293,0.4045,0.0661,0.0,4.5
3528858,0.304,0.0357,0.3537,0.3424,0.2355,0.0685,0.4551,0.5094,0.0357,0.0,4.6
3528858,0.304,0.0357,0.3537,0.3424,0.2355,0.0685,0.4551,0.5094,0.0357,0.0,4.6
3528908,0.1538,0.0,0.3269,0.5192,0.1538,0.0,0.8269,0.173,0.0,0.0,3.7
3528908,0.1538,0.0,0.3269,0.5192,0.1538,0.0,0.8269,0.173,0.0,0.0,3.7
3529005,0.3622,0.0622,0.3034,0.3344,0.3509,0.0113,0.5038,0.4339,0.0592,0.003,4.5
3529005,0.3622,0.0622,0.3034,0.3344,0.3509,0.0113,0.5038,0.4339,0.0592,0.003,4.5
3529104,0.4166,0.5,0.1667,0.4167,0.3333,0.0833,0.2499,0.25,0.4167,0.0833,5.5
3529104,0.4166,0.5,0.1667,0.4167,0.3333,0.0833,0.2499,0.25,0.4167,0.0833,5.5
3529203,0.3164,0.0765,0.3141,0.3696,0.3058,0.0106,0.4842,0.4393,0.0713,0.0052,4.5
3529203,0.3164,0.0765,0.3141,0.3696,0.3058,0.0106,0.4842,0.4393,0.0713,0.0052,4.5
3529302,0.5258,0.1444,0.2095,0.2646,0.4881,0.0377,0.3343,0.5213,0.1104,0.034,
3529302,0.5258,0.1444,0.2095,0.2646,0.4881,0.0377,0.3343,0.5213,0.1104,0.034,4.7
3529302,0.5258,0.1444,0.2095,0.2646,0.4881,0.0377,0.3343,0.5213,0.1104,0.034,6.6
3529302,0.5258,0.1444,0.2095,0.2646,0.4881,0.0377,0.3343,0.5213,0.1104,0.034,5.1
3529401,0.3767,0.0385,0.2591,0.3642,0.3705,0.0062,0.5313,0.4303,0.0373,0.0012,4.4
3529401,0.3767,0.0385,0.2591,0.3642,0.3705,0.0062,0.5313,0.4303,0.0373,0.0012,4.4
3529500,,,,,,,,,,,
3529500,,,,,,,,,,,
3529609,,,,,,,,,,,
3529609,,,,,,,,,,,
3529658,,,,,,,,,,,
3529658,,,,,,,,,,,
3529708,0.2833,0.0339,0.4067,0.31,0.2673,0.016,0.567,0.3992,0.0269,0.007,4.2
3529708,0.2833,0.0339,0.4067,0.31,0.2673,0.016,0.567,0.3992,0.0269,0.007,4.2
3529807,,,,,,,,,,,
3529807,,,,,,,,,,,
3529906,0.2493,0.0302,0.3992,0.3515,0.2493,0.0,0.5896,0.3802,0.0302,0.0,4.1
3529906,0.2493,0.0302,0.3992,0.3515,0.2493,0.0,0.5896,0.3802,0.0302,0.0,4.1
3530003,0.3334,0.1111,0.2778,0.3889,0.3334,0.0,0.5,0.389,0.1111,0.0,4.8
3530003,0.3334,0.1111,0.2778,0.3889,0.3334,0.0,0.5,0.389,0.1111,0.0,4.8
3530102,0.2672,0.0428,0.3242,0.4086,0.2511,0.0161,0.5243,0.4329,0.034,0.0088,4.5
3530102,0.2672,0.0428,0.3242,0.4086,0.2511,0.0161,0.5243,0.4329,0.034,0.0088,4.5
3530201,,,,,,,,,,,
3530201,,,,,,,,,,,
3530300,0.4201,0.0673,0.2121,0.3679,0.4074,0.0127,0.4291,0.5036,0.0628,0.0045,4.6
3530300,0.4201,0.0673,0.2121,0.3679,0.4074,0.0127,0.4291,0.5036,0.0628,0.0045,4.6
3530409,,,,,,,,,,,
3530409,,,,,,,,,,,
3530508,0.2945,0.0577,0.3481,0.3575,0.2842,0.0103,0.5284,0.4138,0.056,0.0017,4.5
3530508,0.2945,0.0577,0.3481,0.3575,0.2842,0.0103,0.5284,0.4138,0.056,0.0017,1.2
3530508,0.2945,0.0577,0.3481,0.3575,0.2842,0.0103,0.5284,0.4138,0.056,0.0017,1.3
3530607,0.3528,0.0695,0.2964,0.3507,0.34,0.0128,0.5312,0.3993,0.0624,0.0071,4.4
3530607,0.3528,0.0695,0.2964,0.3507,0.34,0.0128,0.5312,0.3993,0.0624,0.0071,4.4
3530706,0.4451,0.0833,0.211,0.3439,0.4298,0.0153,0.3971,0.5196,0.079,0.0043,4.6
3530706,0.4451,0.0833,0.211,0.3439,0.4298,0.0153,0.3971,0.5196,0.079,0.0043,
3530706,0.4451,0.0833,0.211,0.3439,0.4298,0.0153,0.3971,0.5196,0.079,0.0043,4.6
3530805,0.4449,0.1038,0.2411,0.314,0.4264,0.0185,0.4245,0.4716,0.0932,0.0106,4.8
3530805,0.4449,0.1038,0.2411,0.314,0.4264,0.0185,0.4245,0.4716,0.0932,0.0106,4.8
3530904,0.3332,0.037,0.1852,0.4814,0.2962,0.037,0.2592,0.7037,0.037,0.0,5.0
3530904,0.3332,0.037,0.1852,0.4814,0.2962,0.037,0.2592,0.7037,0.037,0.0,5.0
3531001,,,,,,,,,,,
3531001,,,,,,,,,,,
3531100,0.3003,0.034,0.3828,0.3169,0.2892,0.0111,0.5801,0.386,0.0315,0.0025,4.1
3531100,0.3003,0.034,0.3828,0.3169,0.2892,0.0111,0.5801,0.386,0.0315,0.0025,4.1
3531209,0.6891,0.1465,0.0488,0.2621,0.6793,0.0098,0.2141,0.6393,0.1465,0.0,5.3
3531209,0.6891,0.1465,0.0488,0.2621,0.6793,0.0098,0.2141,0.6393,0.1465,0.0,5.3
3531308,0.2968,0.0491,0.3741,0.329,0.2893,0.0075,0.5986,0.3524,0.0491,0.0,4.2
3531308,0.2968,0.0491,0.3741,0.329,0.2893,0.0075,0.5986,0.3524,0.0491,0.0,4.2
3531407,0.3138,0.03,0.2981,0.3882,0.2973,0.0165,0.4895,0.4806,0.03,0.0,4.5
3531407,0.3138,0.03,0.2981,0.3882,0.2973,0.0165,0.4895,0.4806,0.03,0.0,4.5
3531506,0.2912,0.0064,0.3713,0.3375,0.2912,0.0,0.4927,0.5009,0.0,0.0064,4.0
3531506,0.2912,0.0064,0.3713,0.3375,0.2912,0.0,0.4927,0.5009,0.0,0.0064,4.0
3531605,,,,,,,,,,,
3531605,,,,,,,,,,,
3531704,0.3314,0.0648,0.2741,0.3945,0.3314,0.0,0.5075,0.4277,0.0648,0.0,4.5
3531704,0.3314,0.0648,0.2741,0.3945,0.3314,0.0,0.5075,0.4277,0.0648,0.0,4.5
3531803,0.413,0.0586,0.2224,0.3646,0.4073,0.0057,0.4382,0.5031,0.0586,0.0,4.7
3531803,0.413,0.0586,0.2224,0.3646,0.4073,0.0057,0.4382,0.5031,0.0586,0.0,4.7
3531902,0.3008,0.0175,0.3251,0.3742,0.3008,0.0,0.5824,0.4002,0.0175,0.0,
3531902,0.3008,0.0175,0.3251,0.3742,0.3008,0.0,0.5824,0.4002,0.0175,0.0,4.9
3531902,0.3008,0.0175,0.3251,0.3742,0.3008,0.0,0.5824,0.4002,0.0175,0.0,4.4
3532009,0.4421,0.0884,0.1713,0.3865,0.4421,0.0,0.4117,0.5001,0.0884,0.0,5.0
3532009,0.4421,0.0884,0.1713,0.3865,0.4421,0.0,0.4117,0.5001,0.0884,0.0,5.0
3532058,,,,,,,,,,,
3532058,,,,,,,,,,,
3532108,0.3871,0.0646,0.3226,0.2903,0.3226,0.0645,0.5806,0.3549,0.0646,0.0,4.6
3532108,0.3871,0.0646,0.3226,0.2903,0.3226,0.0645,0.5806,0.3549,0.0646,0.0,4.6
3532157,0.4615,0.0385,0.1539,0.3846,0.4615,0.0,0.6154,0.3462,0.0385,0.0,4.8
3532157,0.4615,0.0385,0.1539,0.3846,0.4615,0.0,0.6154,0.3462,0.0385,0.0,4.8
3532207,,,,,,,,,,,
3532207,,,,,,,,,,,
3532306,,,,,,,,,,,
3532306,,,,,,,,,,,
3532405,0.2732,0.0216,0.3832,0.3436,0.2732,0.0,0.6004,0.3782,0.0216,0.0,4.3
3532405,0.2732,0.0216,0.3832,0.3436,0.2732,0.0,0.6004,0.3782,0.0216,0.0,4.3
3532504,,,,,,,,,,,
3532504,,,,,,,,,,,
3532603,0.1859,0.0274,0.5245,0.2895,0.1859,0.0,0.6948,0.2779,0.0274,0.0,3.9
3532603,0.1859,0.0274,0.5245,0.2895,0.1859,0.0,0.6948,0.2779,0.0274,0.0,3.9
3532702,,,,,,,,,,,
3532702,,,,,,,,,,,
3532801,0.5053,0.1713,0.1986,0.2962,0.5053,0.0,0.3796,0.449,0.1713,0.0,4.8
3532801,0.5053,0.1713,0.1986,0.2962,0.5053,0.0,0.3796,0.449,0.1713,0.0,4.8
3532827,0.2751,0.0364,0.4715,0.2533,0.2751,0.0,0.6721,0.2914,0.0364,0.0,4.0
3532827,0.2751,0.0364,0.4715,0.2533,0.2751,0.0,0.6721,0.2914,0.0364,0.0,4.0
3532843,0.3846,0.0769,0.3846,0.2308,0.3846,0.0,0.3076,0.6154,0.0769,0.0,4.9
3532843,0.3846,0.0769,0.3846,0.2308,0.3846,0.0,0.3076,0.6154,0.0769,0.0,4.9
3532868,,,,,,,,,,,
3532868,,,,,,,,,,,
3532900,0.3264,0.0231,0.3382,0.3354,0.3264,0.0,0.5182,0.4587,0.0231,0.0,4.5
3532900,0.3264,0.0231,0.3382,0.3354,0.3264,0.0,0.5182,0.4587,0.0231,0.0,4.5
3533007,,,,,,,,,,,
3533007,,,,,,,,,,,
3533106,0.307,0.0,0.307,0.386,0.307,0.0,0.383,0.6169,0.0,0.0,4.7
3533106,0.307,0.0,0.307,0.386,0.307,0.0,0.383,0.6169,0.0,0.0,4.7
3533205,0.3311,0.0956,0.2,0.4689,0.3311,0.0,0.5478,0.3567,0.0956,0.0,4.7
3533205,0.3311,0.0956,0.2,0.4689,0.3311,0.0,0.5478,0.3567,0.0956,0.0,4.7
3533254,0.1798,0.0495,0.2427,0.5776,0.1798,0.0,0.5729,0.3777,0.0495,0.0,4.3
3533254,0.1798,0.0495,0.2427,0.5776,0.1798,0.0,0.5729,0.3777,0.0495,0.0,4.3
3533304,0.5555,0.1389,0.1389,0.3055,0.5555,0.0,0.3334,0.5278,0.0833,0.0556,5.2
3533304,0.5555,0.1389,0.1389,0.3055,0.5555,0.0,0.3334,0.5278,0.0833,0.0556,5.2
3533403,0.4254,0.0719,0.2478,0.3267,0.407,0.0184,0.4501,0.478,0.0687,0.0032,4.7
3533403,0.4254,0.0719,0.2478,0.3267,0.407,0.0184,0.4501,0.478,0.0687,0.0032,4.7
3533502,0.3264,0.0806,0.3765,0.2972,0.3156,0.0108,0.529,0.3903,0.0668,0.0138,4.5
3533502,0.3264,0.0806,0.3765,0.2972,0.3156,0.0108,0.529,0.3903,0.0668,0.0138,4.5
3533601,,,,,,,,,,,
3533601,,,,,,,,,,,
3533700,0.0361,0.0,0.4671,0.4968,0.0361,0.0,0.7508,0.2492,0.0,0.0,3.8
3533700,0.0361,0.0,0.4671,0.4968,0.0361,0.0,0.7508,0.2492,0.0,0.0,3.8
3533809,0.4286,0.1428,0.381,0.1905,0.4286,0.0,0.3333,0.5237,0.1428,0.0,4.7
3533809,0.4286,0.1428,0.381,0.1905,0.4286,0.0,0.3333,0.5237,0.1428,0.0,4.7
3533908,0.4001,0.1104,0.2632,0.3367,0.3929,0.0072,0.4596,0.43,0.0996,0.0108,4.7
3533908,0.4001,0.1104,0.2632,0.3367,0.3929,0.0072,0.4596,0.43,0.0996,0.0108,4.7
3534005,,,,,,,,,,,
3534005,,,,,,,,,,,
3534104,,,,,,,,,,,
3534104,,,,,,,,,,,
3534203,0.2499,0.1093,0.4533,0.2967,0.2499,0.0,0.484,0.4067,0.0773,0.032,4.5
3534203,0.2499,0.1093,0.4533,0.2967,0.2499,0.0,0.484,0.4067,0.0773,0.032,4.5
3534302,0.4447,0.0805,0.2029,0.3525,0.4365,0.0082,0.4072,0.5123,0.0766,0.0039,4.8
3534302,0.4447,0.0805,0.2029,0.3525,0.4365,0.0082,0.4072,0.5123,0.0766,0.0039,4.8
3534401,0.3499,0.0321,0.2829,0.3672,0.3408,0.0091,0.5753,0.3926,0.0307,0.0014,4.3
3534401,0.3499,0.0321,0.2829,0.3672,0.3408,0.0091,0.5753,0.3926,0.0307,0.0014,4.3
3534500,0.381,0.0,0.1905,0.4286,0.381,0.0,0.4286,0.5714,0.0,0.0,4.9
3534500,0.381,0.0,0.1905,0.4286,0.381,0.0,0.4286,0.5714,0.0,0.0,4.9
3534609,0.4764,0.0897,0.2088,0.3149,0.4562,0.0202,0.4,0.5103,0.0732,0.0165,5.0
3534609,0.4764,0.0897,0.2088,0.3149,0.4562,0.0202,0.4,0.5103,0.0732,0.0165,5.0
3534708,0.46,0.0828,0.2125,0.3274,0.4437,0.0163,0.4221,0.4953,0.0715,0.0113,4.7
3534708,0.46,0.0828,0.2125,0.3274,0.4437,0.0163,0.4221,0.4953,0.0715,0.0113,4.7
3534757,,,,,,,,,,,
3534757,,,,,,,,,,,
3534807,0.3069,0.0428,0.3722,0.3209,0.3069,0.0,0.5322,0.4251,0.0322,0.0106,4.0
3534807,0.3069,0.0428,0.3722,0.3209,0.3069,0.0,0.5322,0.4251,0.0322,0.0106,4.0
3534906,0.2631,0.0,0.3955,0.3414,0.2631,0.0,0.7649,0.2352,0.0,0.0,3.8
3534906,0.2631,0.0,0.3955,0.3414,0.2631,0.0,0.7649,0.2352,0.0,0.0,3.8
3535002,,,,,,,,,,,
3535002,,,,,,,,,,,
3535101,0.2723,0.056,0.3096,0.4181,0.2621,0.0102,0.5319,0.4121,0.056,0.0,4.3
3535101,0.2723,0.056,0.3096,0.4181,0.2621,0.0102,0.5319,0.4121,0.056,0.0,4.3
3535200,0.3475,0.0855,0.3007,0.3518,0.3475,0.0,0.3863,0.5281,0.0715,0.014,4.7
3535200,0.3475,0.0855,0.3007,0.3518,0.3475,0.0,0.3863,0.5281,0.0715,0.014,4.7
3535309,0.3189,0.0414,0.3164,0.3647,0.3083,0.0106,0.4766,0.482,0.0414,0.0,4.6
3535309,0.3189,0.0414,0.3164,0.3647,0.3083,0.0106,0.4766,0.482,0.0414,0.0,4.6
3535408,0.2444,0.0177,0.445,0.3105,0.2444,0.0,0.6151,0.3673,0.0177,0.0,4.2
3535408,0.2444,0.0177,0.445,0.3105,0.2444,0.0,0.6151,0.3673,0.0177,0.0,4.2
3535507,0.3608,0.0452,0.2611,0.3782,0.3519,0.0089,0.519,0.4359,0.0452,0.0,4.4
3535507,0.3608,0.0452,0.2611,0.3782,0.3519,0.0089,0.519,0.4359,0.0452,0.0,4.4
3535606,0.3995,0.1403,0.2376,0.3629,0.3995,0.0,0.4133,0.4464,0.1339,0.0064,4.8
3535606,0.3995,0.1403,0.2376,0.3629,0.3995,0.0,0.4133,0.4464,0.1339,0.0064,4.8
3535705,0.3681,0.0,0.1552,0.4767,0.3681,0.0,0.4835,0.5167,0.0,0.0,4.6
3535705,0.3681,0.0,0.1552,0.4767,0.3681,0.0,0.4835,0.5167,0.0,0.0,4.6
3535804,0.2636,0.0453,0.3977,0.3387,0.2636,0.0,0.5666,0.3882,0.0366,0.0087,4.2
3535804,0.2636,0.0453,0.3977,0.3387,0.2636,0.0,0.5666,0.3882,0.0366,0.0087,4.2
3535903,0.2987,0.1267,0.1628,0.5385,0.2987,0.0,0.3438,0.5295,0.1267,0.0,5.1
3535903,0.2987,0.1267,0.1628,0.5385,0.2987,0.0,0.3438,0.5295,0.1267,0.0,5.1
3536000,0.0876,0.0183,0.4648,0.4476,0.0693,0.0183,0.7863,0.1955,0.0183,0.0,3.8
3536000,0.0876,0.0183,0.4648,0.4476,0.0693,0.0183,0.7863,0.1955,0.0183,0.0,3.8
3536109,,,,,,,,,,,
3536109,,,,,,,,,,,
3536208,0.3225,0.0505,0.3416,0.3358,0.3154,0.0071,0.5451,0.4045,0.0381,0.0124,4.4
3536208,0.3225,0.0505,0.3416,0.3358,0.3154,0.0071,0.5451,0.4045,0.0381,0.0124,4.4
3536257,0.05,0.05,0.75,0.2,0.05,0.0,0.8,0.15,0.05,0.0,3.4
3536257,0.05,0.05,0.75,0.2,0.05,0.0,0.8,0.15,0.05,0.0,3.4
3536307,,,,,,,,,,,
3536307,,,,,,,,,,,
3536406,,,,,,,,,,,
3536406,,,,,,,,,,,
3536505,0.4391,0.1372,0.2333,0.3276,0.4259,0.0132,0.4358,0.4268,0.1316,0.0056,4.1
3536505,0.4391,0.1372,0.2333,0.3276,0.4259,0.0132,0.4358,0.4268,0.1316,0.0056,
3536505,0.4391,0.1372,0.2333,0.3276,0.4259,0.0132,0.4358,0.4268,0.1316,0.0056,4.5
3536570,,,,,,,,,,,
3536570,,,,,,,,,,,
3536604,0.5172,0.2865,0.0861,0.3967,0.5172,0.0,0.3725,0.3409,0.2693,0.0172,5.4
3536604,0.5172,0.2865,0.0861,0.3967,0.5172,0.0,0.3725,0.3409,0.2693,0.0172,5.4
3536703,0.3242,0.0297,0.274,0.4017,0.3182,0.006,0.5624,0.408,0.0297,0.0,4.1
3536703,0.3242,0.0297,0.274,0.4017,0.3182,0.006,0.5624,0.408,0.0297,0.0,4.1
3536802,,,,,,,,,,,
3536802,,,,,,,,,,,
3536901,0.2223,0.0,0.1667,0.6111,0.2223,0.0,0.6111,0.3889,0.0,0.0,4.6
3536901,0.2223,0.0,0.1667,0.6111,0.2223,0.0,0.6111,0.3889,0.0,0.0,4.6
3537008,0.2344,0.0408,0.4435,0.3221,0.2344,0.0,0.5504,0.4089,0.0256,0.0152,3.9
3537008,0.2344,0.0408,0.4435,0.3221,0.2344,0.0,0.5504,0.4089,0.0256,0.0152,3.9
3537107,0.3689,0.0474,0.2739,0.3572,0.3632,0.0057,0.4418,0.5109,0.0474,0.0,4.3
3537107,0.3689,0.0474,0.2739,0.3572,0.3632,0.0057,0.4418,0.5109,0.0474,0.0,4.3
3537156,0.1579,0.0,0.3684,0.4737,0.1579,0.0,0.6843,0.3158,0.0,0.0,4.2
3537156,0.1579,0.0,0.3684,0.4737,0.1579,0.0,0.6843,0.3158,0.0,0.0,4.2
3537206,0.3576,0.0494,0.2663,0.3761,0.3341,0.0235,0.5162,0.4344,0.0494,0.0,4.5
3537206,0.3576,0.0494,0.2663,0.3761,0.3341,0.0235,0.5162,0.4344,0.0494,0.0,4.5
3537305,0.3331,0.0378,0.2921,0.3749,0.3234,0.0097,0.5308,0.4314,0.0331,0.0047,4.3
3537305,0.3331,0.0378,0.2921,0.3749,0.3234,0.0097,0.5308,0.4314,0.0331,0.0047,4.3
3537404,0.5248,0.1117,0.2088,0.2664,0.5119,0.0129,0.3144,0.574,0.1041,0.0076,5.2
3537404,0.5248,0.1117,0.2088,0.2664,0.5119,0.0129,0.3144,0.574,0.1041,0.0076,5.2
3537503,0.1851,0.0363,0.3156,0.4994,0.1851,0.0,0.5119,0.4519,0.0363,0.0,4.5
3537503,0.1851,0.0363,0.3156,0.4994,0.1851,0.0,0.5119,0.4519,0.0363,0.0,4.5
3537602,0.385,0.0779,0.2602,0.3549,0.3741,0.0109,0.4474,0.4747,0.0687,0.0092,4.5
3537602,0.385,0.0779,0.2602,0.3549,0.3741,0.0109,0.4474,0.4747,0.0687,0.0092,4.5
3537701,,,,,,,,,,,
3537701,,,,,,,,,,,
3537800,0.3928,0.0742,0.2521,0.3551,0.3835,0.0093,0.4228,0.503,0.0716,0.0026,4.5
3537800,0.3928,0.0742,0.2521,0.3551,0.3835,0.0093,0.4228,0.503,0.0716,0.0026,4.5
3537909,0.3782,0.1228,0.2075,0.4144,0.3738,0.0044,0.3479,0.5292,0.1052,0.0176,4.9
3537909,0.3782,0.1228,0.2075,0.4144,0.3738,0.0044,0.3479,0.5292,0.1052,0.0176,4.9
3538006,0.4008,0.0795,0.2639,0.3352,0.3934,0.0074,0.4678,0.4526,0.0777,0.0018,4.6
3538006,0.4008,0.0795,0.2639,0.3352,0.3934,0.0074,0.4678,0.4526,0.0777,0.0018,4.6
3538105,0.2166,0.0156,0.3996,0.3837,0.2166,0.0,0.5954,0.389,0.0156,0.0,4.4
3538105,0.2166,0.0156,0.3996,0.3837,0.2166,0.0,0.5954,0.389,0.0156,0.0,4.4
3538204,0.4259,0.1174,0.2603,0.3139,0.4169,0.009,0.4107,0.4719,0.1084,0.009,5.0
3538204,0.4259,0.1174,0.2603,0.3139,0.4169,0.009,0.4107,0.4719,0.1084,0.009,5.0
3538303,0.2274,0.0455,0.5909,0.1818,0.1819,0.0455,0.6818,0.2728,0.0455,0.0,3.7
3538303,0.2274,0.0455,0.5909,0.1818,0.1819,0.0455,0.6818,0.2728,0.0455,0.0,3.7
3538501,0.2863,0.0455,0.3271,0.3866,0.2863,0.0,0.6088,0.3457,0.0455,0.0,4.1
3538501,0.2863,0.0455,0.3271,0.3866,0.2863,0.0,0.6088,0.3457,0.0455,0.0,4.1
3538600,0.4435,0.0564,0.2836,0.273,0.4334,0.0101,0.4749,0.4687,0.0511,0.0053,4.6
3538600,0.4435,0.0564,0.2836,0.273,0.4334,0.0101,0.4749,0.4687,0.0511,0.0053,4.6
3538709,0.4322,0.0724,0.2386,0.3291,0.4248,0.0074,0.4726,0.455,0.069,0.0034,5.8
3538709,0.4322,0.0724,0.2386,0.3291,0.4248,0.0074,0.4726,0.455,0.069,0.0034,4.5
3538709,0.4322,0.0724,0.2386,0.3291,0.4248,0.0074,0.4726,0.455,0.069,0.0034,
3538709,0.4322,0.0724,0.2386,0.3291,0.4248,0.0074,0.4726,0.455,0.069,0.0034,4.6
3538808,0.5165,0.1676,0.1923,0.2912,0.5027,0.0138,0.3796,0.4527,0.1463,0.0213,4.9
3538808,0.5165,0.1676,0.1923,0.2912,0.5027,0.0138,0.3796,0.4527,0.1463,0.0213,4.9
3538907,0.2629,0.0568,0.4526,0.2843,0.2629,0.0,0.5898,0.3533,0.0568,0.0,4.1
3538907,0.2629,0.0568,0.4526,0.2843,0.2629,0.0,0.5898,0.3533,0.0568,0.0,4.1
3539004,,,,,,,,,,,
3539004,,,,,,,,,,,
3539103,0.2199,0.0125,0.4852,0.2949,0.2199,0.0,0.7185,0.2691,0.0125,0.0,3.6
3539103,0.2199,0.0125,0.4852,0.2949,0.2199,0.0,0.7185,0.2691,0.0125,0.0,3.6
3539202,0.3472,0.0544,0.2643,0.3887,0.3199,0.0273,0.5336,0.4121,0.0486,0.0058,4.3
3539202,0.3472,0.0544,0.2643,0.3887,0.3199,0.0273,0.5336,0.4121,0.0486,0.0058,4.3
3539301,0.5202,0.111,0.152,0.3278,0.498,0.0222,0.3525,0.5364,0.0919,0.0191,4.8
3539301,0.5202,0.111,0.152,0.3278,0.498,0.0222,0.3525,0.5364,0.0919,0.0191,4.8
3539400,,,,,,,,,,,
3539400,,,,,,,,,,,
3539509,0.3829,0.0825,0.2567,0.3605,0.3718,0.0111,0.4873,0.4301,0.0723,0.0102,4.5
3539509,0.3829,0.0825,0.2567,0.3605,0.3718,0.0111,0.4873,0.4301,0.0723,0.0102,4.5
3539608,,,,,,,,,,,
3539608,,,,,,,,,,,
3539707,0.25,0.0,0.5834,0.1667,0.25,0.0,0.5417,0.4583,0.0,0.0,3.8
3539707,0.25,0.0,0.5834,0.1667,0.25,0.0,0.5417,0.4583,0.0,0.0,3.8
3539806,0.4039,0.0581,0.228,0.3679,0.3916,0.0123,0.4804,0.4616,0.0573,0.0008,4.6
3539806,0.4039,0.0581,0.228,0.3679,0.3916,0.0123,0.4804,0.4616,0.0573,0.0008,4.6
3539905,0.4208,0.0247,0.2474,0.3317,0.4208,0.0,0.4405,0.5348,0.0247,0.0,4.5
3539905,0.4208,0.0247,0.2474,0.3317,0.4208,0.0,0.4405,0.5348,0.0247,0.0,4.5
3540002,,,,,,,,,,,
3540002,,,,,,,,,,,
3540101,0.2554,0.0213,0.553,0.1916,0.2554,0.0,0.6381,0.3407,0.0213,0.0,4.0
3540101,0.2554,0.0213,0.553,0.1916,0.2554,0.0,0.6381,0.3407,0.0213,0.0,4.0
3540200,0.3316,0.0254,0.2794,0.389,0.3286,0.003,0.5455,0.4291,0.0254,0.0,4.3
3540200,0.3316,0.0254,0.2794,0.389,0.3286,0.003,0.5455,0.4291,0.0254,0.0,4.3
3540259,,,,,,,,,,,
3540259,,,,,,,,,,,
3540309,0.0625,0.0625,0.625,0.3125,0.0625,0.0,0.625,0.3125,0.0625,0.0,3.7
3540309,0.0625,0.0625,0.625,0.3125,0.0625,0.0,0.625,0.3125,0.0625,0.0,3.7
3540408,0.6087,0.2609,0.1739,0.2174,0.6087,0.0,0.2609,0.4783,0.2609,0.0,5.5
3540408,0.6087,0.2609,0.1739,0.2174,0.6087,0.0,0.2609,0.4783,0.2609,0.0,5.5
3540507,0.2979,0.017,0.1766,0.5255,0.2979,0.0,0.4699,0.5132,0.017,0.0,4.3
3540507,0.2979,0.017,0.1766,0.5255,0.2979,0.0,0.4699,0.5132,0.017,0.0,4.3
3540606,0.3118,0.0344,0.3399,0.3483,0.2966,0.0152,0.5993,0.3662,0.0344,0.0,4.2
3540606,0.3118,0.0344,0.3399,0.3483,0.2966,0.0152,0.5993,0.3662,0.0344,0.0,4.2
3540705,0.4863,0.1056,0.1743,0.3396,0.4672,0.0191,0.3803,0.514,0.1026,0.003,4.5
3540705,0.4863,0.1056,0.1743,0.3396,0.4672,0.0191,0.3803,0.514,0.1026,0.003,
3540705,0.4863,0.1056,0.1743,0.3396,0.4672,0.0191,0.3803,0.514,0.1026,0.003,4.5
3540754,,,,,,,,,,,
3540754,,,,,,,,,,,
3540804,0.431,0.0496,0.1978,0.3712,0.411,0.02,0.3163,0.6341,0.0496,0.0,4.5
3540804,0.431,0.0496,0.1978,0.3712,0.411,0.02,0.3163,0.6341,0.0496,0.0,4.5
3540853,,,,,,,,,,,
3540853,,,,,,,,,,,
3540903,,,,,,,,,,,
3540903,,,,,,,,,,,
3541000,0.3763,0.0509,0.2538,0.3699,0.3657,0.0106,0.5242,0.4249,0.0482,0.0027,4.3
3541000,0.3763,0.0509,0.2538,0.3699,0.3657,0.0106,0.5242,0.4249,0.0482,0.0027,4.3
3541059,0.3892,0.0,0.2159,0.395,0.3892,0.0,0.4264,0.5736,0.0,0.0,4.8
3541059,0.3892,0.0,0.2159,0.395,0.3892,0.0,0.4264,0.5736,0.0,0.0,4.8
3541109,,,,,,,,,,,
3541109,,,,,,,,,,,
3541208,,,,,,,,,,,
3541208,,,,,,,,,,,
3541307,0.4251,0.0747,0.2404,0.3344,0.4223,0.0028,0.4766,0.4487,0.067,0.0077,
3541307,0.4251,0.0747,0.2404,0.3344,0.4223,0.0028,0.4766,0.4487,0.067,0.0077,4.0
3541307,0.4251,0.0747,0.2404,0.3344,0.4223,0.0028,0.4766,0.4487,0.067,0.0077,4.2
3541406,0.4026,0.0865,0.2569,0.3405,0.3884,0.0142,0.4535,0.46,0.0789,0.0076,4.5
3541406,0.4026,0.0865,0.2569,0.3405,0.3884,0.0142,0.4535,0.46,0.0789,0.0076,4.5
3541505,0.474,0.055,0.232,0.294,0.4605,0.0135,0.4174,0.5276,0.0516,0.0034,4.4
3541505,0.474,0.055,0.232,0.294,0.4605,0.0135,0.4174,0.5276,0.0516,0.0034,4.4
3541604,0.3079,0.0262,0.3084,0.3837,0.3079,0.0,0.6191,0.3547,0.0262,0.0,4.2
3541604,0.3079,0.0262,0.3084,0.3837,0.3079,0.0,0.6191,0.3547,0.0262,0.0,4.2
3541653,0.1015,0.0203,0.3715,0.5268,0.1015,0.0,0.7431,0.2366,0.0203,0.0,4.1
3541653,0.1015,0.0203,0.3715,0.5268,0.1015,0.0,0.7431,0.2366,0.0203,0.0,4.1
3541703,0.2633,0.0106,0.3842,0.3526,0.2633,0.0,0.5741,0.4152,0.0106,0.0,4.3
3541703,0.2633,0.0106,0.3842,0.3526,0.2633,0.0,0.5741,0.4152,0.0106,0.0,4.3
3541802,,,,,,,,,,,
3541802,,,,,,,,,,,
3541901,,,,,,,,,,,
3541901,,,,,,,,,,,
3542008,,,,,,,,,,,
3542008,,,,,,,,,,,
3542107,,,,,,,,,,,
3542107,,,,,,,,,,,
3542206,0.3473,0.0555,0.2851,0.3675,0.3335,0.0138,0.5233,0.4211,0.0524,0.0031,4.5
3542206,0.3473,0.0555,0.2851,0.3675,0.3335,0.0138,0.5233,0.4211,0.0524,0.0031,4.5
3542305,,,,,,,,,,,
3542305,,,,,,,,,,,
3542404,0.3977,0.0472,0.3504,0.2518,0.39,0.0077,0.572,0.3809,0.0396,0.0076,4.1
3542404,0.3977,0.0472,0.3504,0.2518,0.39,0.0077,0.572,0.3809,0.0396,0.0076,4.1
3542503,0.147,0.0588,0.4547,0.3982,0.147,0.0,0.5678,0.3732,0.0588,0.0,4.1
3542503,0.147,0.0588,0.4547,0.3982,0.147,0.0,0.5678,0.3732,0.0588,0.0,4.1
3542602,0.4775,0.1497,0.2088,0.3137,0.4552,0.0223,0.4106,0.4397,0.1258,0.0239,
3542602,0.4775,0.1497,0.2088,0.3137,0.4552,0.0223,0.4106,0.4397,0.1258,0.0239,4.8
3542602,0.4775,0.1497,0.2088,0.3137,0.4552,0.0223,0.4106,0.4397,0.1258,0.0239,5.0
3542701,,,,,,,,,,,
3542701,,,,,,,,,,,
3542800,0.2406,0.0285,0.3195,0.4398,0.2406,0.0,0.7057,0.2659,0.0285,0.0,4.4
3542800,0.2406,0.0285,0.3195,0.4398,0.2406,0.0,0.7057,0.2659,0.0285,0.0,4.4
3542909,,,,,,,,,,,
3542909,,,,,,,,,,,
3543006,0.2638,0.0625,0.4133,0.3228,0.2548,0.009,0.6176,0.32,0.0625,0.0,4.0
3543006,0.2638,0.0625,0.4133,0.3228,0.2548,0.009,0.6176,0.32,0.0625,0.0,4.0
3543105,,,,,,,,,,,
3543105,,,,,,,,,,,
3543204,,,,,,,,,,,
3543204,,,,,,,,,,,
3543238,0.4462,0.0,0.1405,0.4132,0.4462,0.0,0.4711,0.5289,0.0,0.0,4.4
3543238,0.4462,0.0,0.1405,0.4132,0.4462,0.0,0.4711,0.5289,0.0,0.0,4.4
3543253,0.3084,0.026,0.2902,0.4014,0.2936,0.0148,0.4959,0.478,0.026,0.0,4.6
3543253,0.3084,0.026,0.2902,0.4014,0.2936,0.0148,0.4959,0.478,0.026,0.0,4.6
3543303,0.4556,0.0679,0.192,0.3524,0.4399,0.0157,0.441,0.4912,0.0619,0.006,4.7
3543303,0.4556,0.0679,0.192,0.3524,0.4399,0.0157,0.441,0.4912,0.0619,0.006,4.7
3543402,0.4227,0.0621,0.2177,0.3596,0.4139,0.0088,0.4745,0.4633,0.0588,0.0033,4.3
3543402,0.4227,0.0621,0.2177,0.3596,0.4139,0.0088,0.4745,0.4633,0.0588,0.0033,4.3
3543501,0.195,0.05,0.52,0.285,0.195,0.0,0.685,0.265,0.05,0.0,3.8
3543501,0.195,0.05,0.52,0.285,0.195,0.0,0.685,0.265,0.05,0.0,3.8
3543600,0.203,0.0179,0.4278,0.3691,0.1851,0.0179,0.6129,0.3692,0.0179,0.0,4.0
3543600,0.203,0.0179,0.4278,0.3691,0.1851,0.0179,0.6129,0.3692,0.0179,0.0,4.0
3543709,,,,,,,,,,,
3543709,,,,,,,,,,,
3543808,,,,,,,,,,,
3543808,,,,,,,,,,,
3543907,0.4623,0.0737,0.1991,0.3387,0.4519,0.0104,0.4224,0.5039,0.0704,0.0033,4.7
3543907,0.4623,0.0737,0.1991,0.3387,0.4519,0.0104,0.4224,0.5039,0.0704,0.0033,4.7
3544004,0.3669,0.0228,0.2572,0.3759,0.356,0.0109,0.4752,0.5019,0.0191,0.0037,4.6
3544004,0.3669,0.0228,0.2572,0.3759,0.356,0.0109,0.4752,0.5019,0.0191,0.0037,4.6
3544103,0.4421,0.0761,0.2518,0.3061,0.4394,0.0027,0.4776,0.4464,0.0761,0.0,4.6
3544103,0.4421,0.0761,0.2518,0.3061,0.4394,0.0027,0.4776,0.4464,0.0761,0.0,4.6
3544202,0.2625,0.0469,0.3152,0.4223,0.2625,0.0,0.6147,0.3384,0.0469,0.0,4.4
3544202,0.2625,0.0469,0.3152,0.4223,0.2625,0.0,0.6147,0.3384,0.0469,0.0,4.4
3544251,0.3565,0.0544,0.3339,0.3095,0.3446,0.0119,0.4823,0.4631,0.0544,0.0,4.6
3544251,0.3565,0.0544,0.3339,0.3095,0.3446,0.0119,0.4823,0.4631,0.0544,0.0,4.6
3544301,0.327,0.0541,0.1747,0.4983,0.3078,0.0192,0.4825,0.4634,0.0541,0.0,4.1
3544301,0.327,0.0541,0.1747,0.4983,0.3078,0.0192,0.4825,0.4634,0.0541,0.0,4.1
3544400,0.2184,0.0437,0.6071,0.1746,0.2184,0.0,0.6945,0.2619,0.0437,0.0,3.8
3544400,0.2184,0.0437,0.6071,0.1746,0.2184,0.0,0.6945,0.2619,0.0437,0.0,3.8
3544509,0.4126,0.0849,0.2761,0.3113,0.4126,0.0,0.4742,0.441,0.0849,0.0,4.6
3544509,0.4126,0.0849,0.2761,0.3113,0.4126,0.0,0.4742,0.441,0.0849,0.0,4.6
3544608,0.1819,0.0,0.4091,0.4091,0.1819,0.0,0.6819,0.3182,0.0,0.0,4.1
3544608,0.1819,0.0,0.4091,0.4091,0.1819,0.0,0.6819,0.3182,0.0,0.0,4.1
3544707,0.1117,0.039,0.4857,0.4026,0.1117,0.0,0.6311,0.3299,0.039,0.0,4.1
3544707,0.1117,0.039,0.4857,0.4026,0.1117,0.0,0.6311,0.3299,0.039,0.0,4.1
3544806,0.3138,0.0708,0.4301,0.256,0.3138,0.0,0.4468,0.4823,0.054,0.0168,4.2
3544806,0.3138,0.0708,0.4301,0.256,0.3138,0.0,0.4468,0.4823,0.054,0.0168,4.2
3544905,0.2284,0.0,0.3736,0.398,0.2284,0.0,0.5848,0.4152,0.0,0.0,4.3
3544905,0.2284,0.0,0.3736,0.398,0.2284,0.0,0.5848,0.4152,0.0,0.0,4.3
3545001,0.3429,0.0588,0.2857,0.3713,0.3268,0.0161,0.4175,0.5237,0.0588,0.0,4.1
3545001,0.3429,0.0588,0.2857,0.3713,0.3268,0.0161,0.4175,0.5237,0.0588,0.0,4.1
3545100,0.1313,0.029,0.4656,0.4031,0.1313,0.0,0.6793,0.2916,0.029,0.0,3.9
3545100,0.1313,0.029,0.4656,0.4031,0.1313,0.0,0.6793,0.2916,0.029,0.0,3.9
3545159,0.5192,0.0983,0.1244,0.3562,0.5192,0.0,0.4258,0.4759,0.0983,0.0,5.0
3545159,0.5192,0.0983,0.1244,0.3562,0.5192,0.0,0.4258,0.4759,0.0983,0.0,5.0
3545209,0.4219,0.0684,0.2706,0.3075,0.4115,0.0104,0.453,0.4785,0.0607,0.0077,
3545209,0.4219,0.0684,0.2706,0.3075,0.4115,0.0104,0.453,0.4785,0.0607,0.0077,4.6
3545209,0.4219,0.0684,0.2706,0.3075,0.4115,0.0104,0.453,0.4785,0.0607,0.0077,4.7
3545308,0.3683,0.0312,0.2871,0.3446,0.3647,0.0036,0.5192,0.4496,0.0312,0.0,4.5
3545308,0.3683,0.0312,0.2871,0.3446,0.3647,0.0036,0.5192,0.4496,0.0312,0.0,4.5
3545407,,,,,,,,,,,
3545407,,,,,,,,,,,
3545506,0.2802,0.024,0.2604,0.4593,0.2802,0.0,0.5468,0.4292,0.024,0.0,4.6
3545506,0.2802,0.024,0.2604,0.4593,0.2802,0.0,0.5468,0.4292,0.024,0.0,4.6
3545605,0.2305,0.0216,0.5065,0.2631,0.2194,0.0111,0.7023,0.276,0.0216,0.0,4.0
3545605,0.2305,0.0216,0.5065,0.2631,0.2194,0.0111,0.7023,0.276,0.0216,0.0,4.0
3545704,0.3217,0.0701,0.2807,0.3977,0.3217,0.0,0.5672,0.3626,0.035,0.0351,4.5
3545704,0.3217,0.0701,0.2807,0.3977,0.3217,0.0,0.5672,0.3626,0.035,0.0351,4.5
3545803,0.437,0.0808,0.2311,0.3318,0.4279,0.0091,0.4323,0.4868,0.0782,0.0026,4.6
3545803,0.437,0.0808,0.2311,0.3318,0.4279,0.0091,0.4323,0.4868,0.0782,0.0026,4.6
3546009,,,,,,,,,,,
3546009,,,,,,,,,,,
3546108,0.4706,0.0588,0.2352,0.2941,0.4706,0.0,0.3529,0.5883,0.0588,0.0,4.8
3546108,0.4706,0.0588,0.2352,0.2941,0.4706,0.0,0.3529,0.5883,0.0588,0.0,4.8
3546207,,,,,,,,,,,
3546207,,,,,,,,,,,
3546256,0.3327,0.0739,0.4825,0.1849,0.3327,0.0,0.7041,0.2222,0.0739,0.0,3.8
3546256,0.3327,0.0739,0.4825,0.1849,0.3327,0.0,0.7041,0.2222,0.0739,0.0,3.8
3546306,0.3315,0.0544,0.3574,0.3111,0.3158,0.0157,0.6135,0.3322,0.0391,0.0153,4.3
3546306,0.3315,0.0544,0.3574,0.3111,0.3158,0.0157,0.6135,0.3322,0.0391,0.0153,4.3
3546405,0.2966,0.0581,0.3489,0.3544,0.2966,0.0,0.5704,0.3715,0.0548,0.0033,4.2
3546405,0.2966,0.0581,0.3489,0.3544,0.2966,0.0,0.5704,0.3715,0.0548,0.0033,4.2
3546504,0.135,0.0,0.5785,0.2865,0.135,0.0,0.8055,0.1945,0.0,0.0,3.7
3546504,0.135,0.0,0.5785,0.2865,0.135,0.0,0.8055,0.1945,0.0,0.0,3.7
3546603,0.3806,0.0786,0.2666,0.3528,0.3806,0.0,0.3752,0.5462,0.0737,0.0049,4.7
3546603,0.3806,0.0786,0.2666,0.3528,0.3806,0.0,0.3752,0.5462,0.0737,0.0049,4.7
3546702,0.4228,0.0489,0.2246,0.3527,0.4138,0.009,0.4025,0.5486,0.0489,0.0,4.7
3546702,0.4228,0.0489,0.2246,0.3527,0.4138,0.009,0.4025,0.5486,0.0489,0.0,4.7
3546801,0.4268,0.0711,0.22,0.3532,0.4191,0.0077,0.4621,0.4669,0.0672,0.0039,4.8
3546801,0.4268,0.0711,0.22,0.3532,0.4191,0.0077,0.4621,0.4669,0.0672,0.0039,4.8
3546900,,,,,,,,,,,
3546900,,,,,,,,,,,
3547007,0.2443,0.0524,0.2955,0.4602,0.2443,0.0,0.6017,0.346,0.0524,0.0,4.3
3547007,0.2443,0.0524,0.2955,0.4602,0.2443,0.0,0.6017,0.346,0.0524,0.0,4.3
3547106,0.233,0.0,0.3597,0.4072,0.233,0.0,0.5634,0.4366,0.0,0.0,4.4
3547106,0.233,0.0,0.3597,0.4072,0.233,0.0,0.5634,0.4366,0.0,0.0,4.4
3547205,0.7,0.4,0.0,0.3,0.7,0.0,0.1,0.5,0.4,0.0,6.3
3547205,0.7,0.4,0.0,0.3,0.7,0.0,0.1,0.5,0.4,0.0,6.3
3547304,0.3474,0.0639,0.3036,0.349,0.335,0.0124,0.5232,0.4128,0.0595,0.0044,6.1
3547304,0.3474,0.0639,0.3036,0.349,0.335,0.0124,0.5232,0.4128,0.0595,0.0044,4.4
3547304,0.3474,0.0639,0.3036,0.349,0.335,0.0124,0.5232,0.4128,0.0595,0.0044,4.6
3547403,0.4231,0.1154,0.2308,0.3461,0.3846,0.0385,0.3846,0.5,0.1154,0.0,5.0
3547403,0.4231,0.1154,0.2308,0.3461,0.3846,0.0385,0.3846,0.5,0.1154,0.0,5.0
3547502,0.3879,0.0446,0.2177,0.3945,0.3807,0.0072,0.4756,0.4799,0.0446,0.0,4.0
3547502,0.3879,0.0446,0.2177,0.3945,0.3807,0.0072,0.4756,0.4799,0.0446,0.0,4.0
3547601,0.3541,0.084,0.3323,0.3135,0.3395,0.0146,0.5055,0.4106,0.0741,0.0099,4.4
3547601,0.3541,0.084,0.3323,0.3135,0.3395,0.0146,0.5055,0.4106,0.0741,0.0099,4.4
3547650,0.6058,0.1034,0.1611,0.2332,0.5697,0.0361,0.2909,0.6057,0.1034,0.0,5.4
3547650,0.6058,0.1034,0.1611,0.2332,0.5697,0.0361,0.2909,0.6057,0.1034,0.0,5.4
3547700,0.3121,0.042,0.4363,0.2518,0.3121,0.0,0.4889,0.4692,0.0304,0.0116,3.9
3547700,0.3121,0.042,0.4363,0.2518,0.3121,0.0,0.4889,0.4692,0.0304,0.0116,3.9
3547809,0.4279,0.0727,0.2349,0.3371,0.4162,0.0117,0.4779,0.4494,0.0678,0.0049,4.5
3547809,0.4279,0.0727,0.2349,0.3371,0.4162,0.0117,0.4779,0.4494,0.0678,0.0049,4.5
3547908,,,,,,,,,,,
3547908,,,,,,,,,,,
3548005,,,,,,,,,,,
3548005,,,,,,,,,,,
3548054,0.2752,0.0105,0.4439,0.2809,0.2752,0.0,0.6484,0.341,0.0105,0.0,4.1
3548054,0.2752,0.0105,0.4439,0.2809,0.2752,0.0,0.6484,0.341,0.0105,0.0,4.1
3548104,0.348,0.0539,0.3066,0.3455,0.348,0.0,0.6275,0.3186,0.0346,0.0193,4.3
3548104,0.348,0.0539,0.3066,0.3455,0.348,0.0,0.6275,0.3186,0.0346,0.0193,4.3
3548203,0.224,0.0448,0.2771,0.4989,0.2,0.024,0.3906,0.5646,0.0448,0.0,4.5
3548203,0.224,0.0448,0.2771,0.4989,0.2,0.024,0.3906,0.5646,0.0448,0.0,4.5
3548302,0.1578,0.1052,0.4737,0.3685,0.1578,0.0,0.842,0.0526,0.1052,0.0,3.6
3548302,0.1578,0.1052,0.4737,0.3685,0.1578,0.0,0.842,0.0526,0.1052,0.0,3.6
3548401,,,,,,,,,,,
3548401,,,,,,,,,,,
3548500,0.4584,0.0799,0.2249,0.3169,0.4419,0.0165,0.4537,0.4664,0.0735,0.0064,4.6
3548500,0.4584,0.0799,0.2249,0.3169,0.4419,0.0165,0.4537,0.4664,0.0735,0.0064,4.6
3548609,,,,,,,,,,,
3548609,,,,,,,,,,,
3548708,0.4723,0.0785,0.1846,0.3432,0.4563,0.016,0.4333,0.4881,0.073,0.0055,4.7
3548708,0.4723,0.0785,0.1846,0.3432,0.4563,0.016,0.4333,0.4881,0.073,0.0055,4.7
3548807,0.5757,0.1567,0.1822,0.2422,0.5477,0.028,0.28,0.5633,0.143,0.0137,5.0
3548807,0.5757,0.1567,0.1822,0.2422,0.5477,0.028,0.28,0.5633,0.143,0.0137,5.2
3548807,0.5757,0.1567,0.1822,0.2422,0.5477,0.028,0.28,0.5633,0.143,0.0137,5.1
3548906,0.4212,0.0974,0.2561,0.3227,0.4055,0.0157,0.4617,0.4409,0.086,0.0114,
3548906,0.4212,0.0974,0.2561,0.3227,0.4055,0.0157,0.4617,0.4409,0.086,0.0114,4.6
3548906,0.4212,0.0974,0.2561,0.3227,0.4055,0.0157,0.4617,0.4409,0.086,0.0114,4.7
3549003,0.45,0.3,0.15,0.4,0.45,0.0,0.3,0.4,0.25,0.05,5.2
3549003,0.45,0.3,0.15,0.4,0.45,0.0,0.3,0.4,0.25,0.05,5.2
3549102,0.345,0.056,0.289,0.3661,0.3389,0.0061,0.5076,0.4365,0.0513,0.0047,
3549102,0.345,0.056,0.289,0.3661,0.3389,0.0061,0.5076,0.4365,0.0513,0.0047,4.4
3549102,0.345,0.056,0.289,0.3661,0.3389,0.0061,0.5076,0.4365,0.0513,0.0047,4.4
3549201,,,,,,,,,,,
3549201,,,,,,,,,,,
3549250,0.0,0.0,0.4545,0.5454,0.0,0.0,0.7272,0.2727,0.0,0.0,4.1
3549250,0.0,0.0,0.4545,0.5454,0.0,0.0,0.7272,0.2727,0.0,0.0,4.1
3549300,0.6191,0.2429,0.0,0.381,0.6191,0.0,0.2428,0.5143,0.2429,0.0,5.6
3549300,0.6191,0.2429,0.0,0.381,0.6191,0.0,0.2428,0.5143,0.2429,0.0,5.6
3549409,0.3897,0.0691,0.2934,0.3169,0.3802,0.0095,0.5066,0.4242,0.0691,0.0,4.5
3549409,0.3897,0.0691,0.2934,0.3169,0.3802,0.0095,0.5066,0.4242,0.0691,0.0,4.5
3549508,,,,,,,,,,,
3549508,,,,,,,,,,,
3549607,0.1667,0.0417,0.4583,0.375,0.1667,0.0,0.7083,0.25,0.0417,0.0,3.8
3549607,0.1667,0.0417,0.4583,0.375,0.1667,0.0,0.7083,0.25,0.0417,0.0,3.8
3549706,0.4052,0.0836,0.2502,0.3446,0.4011,0.0041,0.4891,0.4274,0.0738,0.0098,4.6
3549706,0.4052,0.0836,0.2502,0.3446,0.4011,0.0041,0.4891,0.4274,0.0738,0.0098,4.8
3549706,0.4052,0.0836,0.2502,0.3446,0.4011,0.0041,0.4891,0.4274,0.0738,0.0098,4.6
3549805,0.4417,0.0987,0.2284,0.33,0.4309,0.0108,0.4447,0.4565,0.0904,0.0083,4.6
3549805,0.4417,0.0987,0.2284,0.33,0.4309,0.0108,0.4447,0.4565,0.0904,0.0083,4.6
3549904,0.3907,0.0669,0.277,0.3323,0.379,0.0117,0.5034,0.4299,0.0631,0.0038,
3549904,0.3907,0.0669,0.277,0.3323,0.379,0.0117,0.5034,0.4299,0.0631,0.0038,4.4
3549904,0.3907,0.0669,0.277,0.3323,0.379,0.0117,0.5034,0.4299,0.0631,0.0038,4.4
3549953,0.3009,0.0388,0.3065,0.3926,0.3009,0.0,0.5503,0.411,0.0388,0.0,4.4
3549953,0.3009,0.0388,0.3065,0.3926,0.3009,0.0,0.5503,0.411,0.0388,0.0,4.4
3550001,0.4463,0.072,0.1829,0.3706,0.4463,0.0,0.4022,0.5258,0.072,0.0,4.6
3550001,0.4463,0.072,0.1829,0.3706,0.4463,0.0,0.4022,0.5258,0.072,0.0,4.6
3550100,0.3004,0.0462,0.3447,0.355,0.2954,0.005,0.5438,0.4099,0.0437,0.0025,4.2
3550100,0.3004,0.0462,0.3447,0.355,0.2954,0.005,0.5438,0.4099,0.0437,0.0025,4.2
3550209,0.3404,0.0431,0.2695,0.3901,0.3366,0.0038,0.4889,0.4678,0.0431,0.0,4.3
3550209,0.3404,0.0431,0.2695,0.3901,0.3366,0.0038,0.4889,0.4678,0.0431,0.0,4.3
3550308,0.3987,0.0541,0.2508,0.3505,0.3874,0.0113,0.521,0.425,0.0491,0.005,6.0
3550308,0.3987,0.0541,0.2508,0.3505,0.3874,0.0113,0.521,0.425,0.0491,0.005,4.3
3550308,0.3987,0.0541,0.2508,0.3505,0.3874,0.0113,0.521,0.425,0.0491,0.005,4.5
3550308,0.3987,0.0541,0.2508,0.3505,0.3874,0.0113,0.521,0.425,0.0491,0.005,4.4
3550407,0.5437,0.1095,0.1309,0.3253,0.5219,0.0218,0.3249,0.5657,0.1095,0.0,5.3
3550407,0.5437,0.1095,0.1309,0.3253,0.5219,0.0218,0.3249,0.5657,0.1095,0.0,5.3
3550506,0.3291,0.0444,0.2556,0.4154,0.3291,0.0,0.3781,0.5777,0.0444,0.0,4.2
3550506,0.3291,0.0444,0.2556,0.4154,0.3291,0.0,0.3781,0.5777,0.0444,0.0,4.2
3550605,0.3542,0.0562,0.2706,0.3752,0.3398,0.0144,0.5156,0.4284,0.0505,0.0057,
3550605,0.3542,0.0562,0.2706,0.3752,0.3398,0.0144,0.5156,0.4284,0.0505,0.0057,4.2
3550605,0.3542,0.0562,0.2706,0.3752,0.3398,0.0144,0.5156,0.4284,0.0505,0.0057,4.3
3550704,0.3776,0.0401,0.2112,0.4112,0.3633,0.0143,0.4655,0.4944,0.0401,0.0,4.5
3550704,0.3776,0.0401,0.2112,0.4112,0.3633,0.0143,0.4655,0.4944,0.0401,0.0,4.5
3550803,0.3194,0.0148,0.3099,0.3706,0.3194,0.0,0.5498,0.4353,0.0148,0.0,4.1
3550803,0.3194,0.0148,0.3099,0.3706,0.3194,0.0,0.5498,0.4353,0.0148,0.0,4.1
3550902,0.2628,0.0451,0.31,0.4271,0.2628,0.0,0.5997,0.3553,0.0451,0.0,4.3
3550902,0.2628,0.0451,0.31,0.4271,0.2628,0.0,0.5997,0.3553,0.0451,0.0,4.3
3551009,0.345,0.0357,0.2821,0.3729,0.3379,0.0071,0.5941,0.3702,0.0333,0.0024,4.0
3551009,0.345,0.0357,0.2821,0.3729,0.3379,0.0071,0.5941,0.3702,0.0333,0.0024,4.0
3551108,0.323,0.0233,0.3475,0.3295,0.323,0.0,0.599,0.3777,0.0233,0.0,4.2
3551108,0.323,0.0233,0.3475,0.3295,0.323,0.0,0.599,0.3777,0.0233,0.0,4.2
3551207,,,,,,,,,,,
3551207,,,,,,,,,,,
3551306,0.2941,0.2353,0.353,0.3529,0.2941,0.0,0.3529,0.4118,0.2353,0.0,4.9
3551306,0.2941,0.2353,0.353,0.3529,0.2941,0.0,0.3529,0.4118,0.2353,0.0,4.9
3551405,0.2784,0.0345,0.3839,0.3377,0.2635,0.0149,0.6463,0.3191,0.0345,0.0,3.8
3551405,0.2784,0.0345,0.3839,0.3377,0.2635,0.0149,0.6463,0.3191,0.0345,0.0,3.8
3551504,0.3015,0.03,0.2794,0.4191,0.2977,0.0038,0.6221,0.3479,0.03,0.0,3.6
3551504,0.3015,0.03,0.2794,0.4191,0.2977,0.0038,0.6221,0.3479,0.03,0.0,3.6
3551603,0.3759,0.0726,0.3451,0.2791,0.3759,0.0,0.5445,0.3829,0.0726,0.0,4.6
3551603,0.3759,0.0726,0.3451,0.2791,0.3759,0.0,0.5445,0.3829,0.0726,0.0,4.6
3551702,0.4217,0.0494,0.2003,0.3779,0.4134,0.0083,0.4092,0.5413,0.0485,0.0009,
3551702,0.4217,0.0494,0.2003,0.3779,0.4134,0.0083,0.4092,0.5413,0.0485,0.0009,4.8
3551702,0.4217,0.0494,0.2003,0.3779,0.4134,0.0083,0.4092,0.5413,0.0485,0.0009,4.9
3551801,0.2619,0.0638,0.3793,0.359,0.242,0.0199,0.5597,0.3766,0.0638,0.0,4.1
3551801,0.2619,0.0638,0.3793,0.359,0.242,0.0199,0.5597,0.3766,0.0638,0.0,4.1
3551900,0.1649,0.0279,0.4603,0.3748,0.1649,0.0,0.6032,0.369,0.0279,0.0,4.1
3551900,0.1649,0.0279,0.4603,0.3748,0.1649,0.0,0.6032,0.369,0.0279,0.0,4.1
3552007,0.1496,0.015,0.3772,0.4733,0.1346,0.015,0.6106,0.3746,0.015,0.0,4.0
3552007,0.1496,0.015,0.3772,0.4733,0.1346,0.015,0.6106,0.3746,0.015,0.0,
3552007,0.1496,0.015,0.3772,0.4733,0.1346,0.015,0.6106,0.3746,0.015,0.0,4.0
3552106,0.2853,0.0587,0.33,0.3846,0.2783,0.007,0.528,0.4132,0.0485,0.0102,4.5
3552106,0.2853,0.0587,0.33,0.3846,0.2783,0.007,0.528,0.4132,0.0485,0.0102,4.5
3552205,0.4228,0.068,0.2337,0.3435,0.4076,0.0152,0.4837,0.4485,0.0633,0.0047,
3552205,0.4228,0.068,0.2337,0.3435,0.4076,0.0152,0.4837,0.4485,0.0633,0.0047,4.6
3552205,0.4228,0.068,0.2337,0.3435,0.4076,0.0152,0.4837,0.4485,0.0633,0.0047,
3552205,0.4228,0.068,0.2337,0.3435,0.4076,0.0152,0.4837,0.4485,0.0633,0.0047,4.7
3552304,,,,,,,,,,,
3552304,,,,,,,,,,,
3552403,0.3968,0.0484,0.2501,0.353,0.3908,0.006,0.5009,0.4508,0.048,0.0004,4.3
3552403,0.3968,0.0484,0.2501,0.353,0.3908,0.006,0.5009,0.4508,0.048,0.0004,
3552403,0.3968,0.0484,0.2501,0.353,0.3908,0.006,0.5009,0.4508,0.048,0.0004,4.4
3552502,0.3557,0.0393,0.2742,0.37,0.3492,0.0065,0.5493,0.4115,0.035,0.0043,
3552502,0.3557,0.0393,0.2742,0.37,0.3492,0.0065,0.5493,0.4115,0.035,0.0043,4.4
3552502,0.3557,0.0393,0.2742,0.37,0.3492,0.0065,0.5493,0.4115,0.035,0.0043,4.4
3552551,0.2504,0.055,0.408,0.3416,0.2504,0.0,0.4934,0.4515,0.0275,0.0275,4.4
3552551,0.2504,0.055,0.408,0.3416,0.2504,0.0,0.4934,0.4515,0.0275,0.0275,4.4
3552601,0.3128,0.0425,0.2803,0.407,0.2865,0.0263,0.5154,0.4421,0.0425,0.0,4.6
3552601,0.3128,0.0425,0.2803,0.407,0.2865,0.0263,0.5154,0.4421,0.0425,0.0,4.6
3552700,0.3689,0.0391,0.1575,0.4736,0.3578,0.0111,0.4302,0.5307,0.0391,0.0,4.5
3552700,0.3689,0.0391,0.1575,0.4736,0.3578,0.0111,0.4302,0.5307,0.0391,0.0,4.5
3552809,0.4292,0.0467,0.2315,0.3393,0.418,0.0112,0.5212,0.4321,0.0449,0.0018,4.6
3552809,0.4292,0.0467,0.2315,0.3393,0.418,0.0112,0.5212,0.4321,0.0449,0.0018,4.6
3552908,0.295,0.0543,0.3492,0.3559,0.295,0.0,0.6814,0.2644,0.0543,0.0,4.2
3552908,0.295,0.0543,0.3492,0.3559,0.295,0.0,0.6814,0.2644,0.0543,0.0,4.2
3553005,0.3777,0.1027,0.3286,0.2937,0.3631,0.0146,0.3994,0.498,0.1027,0.0,4.6
3553005,0.3777,0.1027,0.3286,0.2937,0.3631,0.0146,0.3994,0.498,0.1027,0.0,4.6
3553104,0.3036,0.0774,0.3511,0.3452,0.3036,0.0,0.6667,0.2559,0.0774,0.0,4.1
3553104,0.3036,0.0774,0.3511,0.3452,0.3036,0.0,0.6667,0.2559,0.0774,0.0,4.1
3553203,0.3565,0.0247,0.1783,0.4653,0.3565,0.0,0.3959,0.5795,0.0247,0.0,4.9
3553203,0.3565,0.0247,0.1783,0.4653,0.3565,0.0,0.3959,0.5795,0.0247,0.0,4.9
3553302,0.2967,0.0234,0.3174,0.3859,0.2967,0.0,0.6252,0.3513,0.0234,0.0,4.3
3553302,0.2967,0.0234,0.3174,0.3859,0.2967,0.0,0.6252,0.3513,0.0234,0.0,4.3
3553401,,,,,,,,,,,
3553401,,,,,,,,,,,
3553500,0.2506,0.0369,0.4461,0.3033,0.2506,0.0,0.6229,0.3401,0.0369,0.0,4.1
3553500,0.2506,0.0369,0.4461,0.3033,0.2506,0.0,0.6229,0.3401,0.0369,0.0,4.1
3553609,0.1557,0.014,0.4147,0.4298,0.1557,0.0,0.7582,0.2279,0.014,0.0,3.9
3553609,0.1557,0.014,0.4147,0.4298,0.1557,0.0,0.7582,0.2279,0.014,0.0,3.9
3553658,0.2903,0.0,0.4378,0.2719,0.2903,0.0,0.6544,0.3457,0.0,0.0,4.2
3553658,0.2903,0.0,0.4378,0.2719,0.2903,0.0,0.6544,0.3457,0.0,0.0,4.2
3553708,0.2922,0.0242,0.3435,0.3642,0.2901,0.0021,0.6251,0.3507,0.0242,0.0,4.2
3553708,0.2922,0.0242,0.3435,0.3642,0.2901,0.0021,0.6251,0.3507,0.0242,0.0,4.2
3553807,0.5311,0.0949,0.1739,0.295,0.5147,0.0164,0.3735,0.5315,0.084,0.0109,5.0
3553807,0.5311,0.0949,0.1739,0.295,0.5147,0.0164,0.3735,0.5315,0.084,0.0109,5.0
3553856,0.1846,0.0255,0.4321,0.3832,0.1846,0.0,0.6313,0.3433,0.0255,0.0,3.9
3553856,0.1846,0.0255,0.4321,0.3832,0.1846,0.0,0.6313,0.3433,0.0255,0.0,3.9
3553906,,,,,,,,,,,
3553906,,,,,,,,,,,
3553955,0.318,0.036,0.3177,0.3643,0.318,0.0,0.5495,0.4145,0.036,0.0,4.3
3553955,0.318,0.036,0.3177,0.3643,0.318,0.0,0.5495,0.4145,0.036,0.0,4.3
3554003,0.3678,0.0621,0.2852,0.347,0.3556,0.0122,0.5337,0.4042,0.055,0.0071,4.4
3554003,0.3678,0.0621,0.2852,0.347,0.3556,0.0122,0.5337,0.4042,0.055,0.0071,4.4
3554102,0.4336,0.0744,0.2061,0.3602,0.4222,0.0114,0.4226,0.5031,0.0704,0.004,4.5
3554102,0.4336,0.0744,0.2061,0.3602,0.4222,0.0114,0.4226,0.5031,0.0704,0.004,5.5
3554102,0.4336,0.0744,0.2061,0.3602,0.4222,0.0114,0.4226,0.5031,0.0704,0.004,4.6
3554201,0.2463,0.0589,0.3246,0.4292,0.2463,0.0,0.5232,0.4179,0.0589,0.0,4.5
3554201,0.2463,0.0589,0.3246,0.4292,0.2463,0.0,0.5232,0.4179,0.0589,0.0,4.5
3554300,0.3664,0.0905,0.341,0.2926,0.3577,0.0087,0.5214,0.3881,0.0861,0.0044,4.4
3554300,0.3664,0.0905,0.341,0.2926,0.3577,0.0087,0.5214,0.3881,0.0861,0.0044,4.4
3554409,,,,,,,,,,,
3554409,,,,,,,,,,,
3554508,0.4333,0.0418,0.1794,0.3873,0.4202,0.0131,0.4519,0.5062,0.0418,0.0,4.9
3554508,0.4333,0.0418,0.1794,0.3873,0.4202,0.0131,0.4519,0.5062,0.0418,0.0,4.9
3554607,0.5237,0.1905,0.1904,0.2857,0.5237,0.0,0.3334,0.4763,0.1905,0.0,4.8
3554607,0.5237,0.1905,0.1904,0.2857,0.5237,0.0,0.3334,0.4763,0.1905,0.0,4.8
3554656,0.5124,0.0485,0.0933,0.3943,0.5124,0.0,0.3806,0.5709,0.0485,0.0,5.2
3554656,0.5124,0.0485,0.0933,0.3943,0.5124,0.0,0.3806,0.5709,0.0485,0.0,5.2
3554706,,,,,,,,,,,
3554706,,,,,,,,,,,
3554755,0.0909,0.0455,0.391,0.5182,0.0909,0.0,0.5228,0.4318,0.0455,0.0,3.8
3554755,0.0909,0.0455,0.391,0.5182,0.0909,0.0,0.5228,0.4318,0.0455,0.0,3.8
3554805,0.3658,0.0267,0.2387,0.3955,0.3658,0.0,0.5684,0.4049,0.0267,0.0,4.6
3554805,0.3658,0.0267,0.2387,0.3955,0.3658,0.0,0.5684,0.4049,0.0267,0.0,4.6
3554904,0.3257,0.0379,0.3181,0.356,0.3257,0.0,0.5303,0.4318,0.0379,0.0,4.6
3554904,0.3257,0.0379,0.3181,0.356,0.3257,0.0,0.5303,0.4318,0.0379,0.0,4.6
3554953,0.2912,0.0,0.4247,0.2841,0.2912,0.0,0.5062,0.4938,0.0,0.0,4.4
3554953,0.2912,0.0,0.4247,0.2841,0.2912,0.0,0.5062,0.4938,0.0,0.0,4.4
3555000,0.4324,0.1162,0.2317,0.3361,0.4154,0.017,0.4488,0.4351,0.1119,0.0043,
3555000,0.4324,0.1162,0.2317,0.3361,0.4154,0.017,0.4488,0.4351,0.1119,0.0043,4.6
3555000,0.4324,0.1162,0.2317,0.3361,0.4154,0.017,0.4488,0.4351,0.1119,0.0043,4.8
3555109,0.3497,0.0337,0.3185,0.3318,0.3249,0.0248,0.4759,0.4903,0.0337,0.0,4.3
3555109,0.3497,0.0337,0.3185,0.3318,0.3249,0.0248,0.4759,0.4903,0.0337,0.0,4.3
3555208,0.3334,0.0,0.2223,0.4445,0.3334,0.0,0.4445,0.5556,0.0,0.0,4.7
3555208,0.3334,0.0,0.2223,0.4445,0.3334,0.0,0.4445,0.5556,0.0,0.0,4.7
3555307,,,,,,,,,,,
3555307,,,,,,,,,,,
3555356,0.2906,0.0162,0.3146,0.3948,0.2906,0.0,0.5495,0.4342,0.0162,0.0,4.2
3555356,0.2906,0.0162,0.3146,0.3948,0.2906,0.0,0.5495,0.4342,0.0162,0.0,4.2
3555406,0.293,0.026,0.3592,0.3478,0.2889,0.0041,0.589,0.3852,0.026,0.0,4.0
3555406,0.293,0.026,0.3592,0.3478,0.2889,0.0041,0.589,0.3852,0.026,0.0,
3555406,0.293,0.026,0.3592,0.3478,0.2889,0.0041,0.589,0.3852,0.026,0.0,4.2
3555505,,,,,,,,,,,
3555505,,,,,,,,,,,
3555604,0.4907,0.1613,0.2053,0.304,0.4775,0.0132,0.3405,0.4981,0.1494,0.0119,4.6
3555604,0.4907,0.1613,0.2053,0.304,0.4775,0.0132,0.3405,0.4981,0.1494,0.0119,4.6
3555703,0.1176,0.0,0.4706,0.4117,0.1176,0.0,0.5294,0.4706,0.0,0.0,4.0
3555703,0.1176,0.0,0.4706,0.4117,0.1176,0.0,0.5294,0.4706,0.0,0.0,4.0
3555802,0.4309,0.0708,0.2401,0.329,0.4309,0.0,0.3272,0.6019,0.0708,0.0,5.0
3555802,0.4309,0.0708,0.2401,0.329,0.4309,0.0,0.3272,0.6019,0.0708,0.0,5.0
3555901,0.5,0.15,0.2,0.3,0.5,0.0,0.4,0.45,0.15,0.0,5.0
3555901,0.5,0.15,0.2,0.3,0.5,0.0,0.4,0.45,0.15,0.0,5.0
3556008,0.2925,0.0361,0.26,0.4476,0.2837,0.0088,0.3958,0.5682,0.0361,0.0,4.7
3556008,0.2925,0.0361,0.26,0.4476,0.2837,0.0088,0.3958,0.5682,0.0361,0.0,4.7
3556107,,,,,,,,,,,
3556107,,,,,,,,,,,
3556206,0.4676,0.0874,0.1907,0.3416,0.454,0.0136,0.3779,0.5347,0.0754,0.012,4.6
3556206,0.4676,0.0874,0.1907,0.3416,0.454,0.0136,0.3779,0.5347,0.0754,0.012,4.6
3556305,0.2229,0.0338,0.3562,0.4208,0.2175,0.0054,0.6433,0.323,0.0338,0.0,4.2
3556305,0.2229,0.0338,0.3562,0.4208,0.2175,0.0054,0.6433,0.323,0.0338,0.0,4.2
3556354,0.289,0.0136,0.3498,0.3611,0.289,0.0,0.7283,0.2581,0.0,0.0136,3.5
3556354,0.289,0.0136,0.3498,0.3611,0.289,0.0,0.7283,0.2581,0.0,0.0136,3.5
3556404,0.3763,0.0952,0.2536,0.3702,0.3691,0.0072,0.4506,0.4543,0.0952,0.0,4.4
3556404,0.3763,0.0952,0.2536,0.3702,0.3691,0.0072,0.4506,0.4543,0.0952,0.0,4.4
3556453,0.3427,0.0279,0.2854,0.372,0.3342,0.0085,0.5482,0.4239,0.0279,0.0,4.2
3556453,0.3427,0.0279,0.2854,0.372,0.3342,0.0085,0.5482,0.4239,0.0279,0.0,4.2
3556503,0.3496,0.0368,0.2756,0.3746,0.339,0.0106,0.5271,0.436,0.0368,0.0,4.3
3556503,0.3496,0.0368,0.2756,0.3746,0.339,0.0106,0.5271,0.436,0.0368,0.0,4.3
3556602,0.365,0.0138,0.3118,0.3232,0.365,0.0,0.5419,0.4443,0.0138,0.0,4.3
3556602,0.365,0.0138,0.3118,0.3232,0.365,0.0,0.5419,0.4443,0.0138,0.0,4.3
3556701,0.4776,0.0822,0.1604,0.3619,0.4635,0.0141,0.3745,0.5435,0.0751,0.0071,4.6
3556701,0.4776,0.0822,0.1604,0.3619,0.4635,0.0141,0.3745,0.5435,0.0751,0.0071,4.6
3556800,,,,,,,,,,,
3556800,,,,,,,,,,,
3556909,0.2357,0.0245,0.4905,0.2737,0.2357,0.0,0.6438,0.3318,0.0245,0.0,4.2
3556909,0.2357,0.0245,0.4905,0.2737,0.2357,0.0,0.6438,0.3318,0.0245,0.0,4.2
3556958,0.069,0.0,0.6897,0.2414,0.069,0.0,0.7241,0.2758,0.0,0.0,3.5
3556958,0.069,0.0,0.6897,0.2414,0.069,0.0,0.7241,0.2758,0.0,0.0,3.5
3557006,0.3955,0.0487,0.2519,0.3526,0.3906,0.0049,0.4885,0.4627,0.0467,0.002,4.6
3557006,0.3955,0.0487,0.2519,0.3526,0.3906,0.0049,0.4885,0.4627,0.0467,0.002,4.6
3557105,0.3658,0.079,0.289,0.3451,0.355,0.0108,0.4886,0.4326,0.0654,0.0136,
3557105,0.3658,0.079,0.289,0.3451,0.355,0.0108,0.4886,0.4326,0.0654,0.0136,4.4
3557105,0.3658,0.079,0.289,0.3451,0.355,0.0108,0.4886,0.4326,0.0654,0.0136,4.6
3557154,,,,,,,,,,,
3557154,,,,,,,,,,,
3557204,,,,,,,,,,,
3557204,,,,,,,,,,,
3557303,0.3474,0.0235,0.2253,0.4273,0.3474,0.0,0.5449,0.4317,0.0235,0.0,4.6
3557303,0.3474,0.0235,0.2253,0.4273,0.3474,0.0,0.5449,0.4317,0.0235,0.0,4.6
